:020000040800F2
:10000000B85700240104000867840008857B0008B5
:100010006584000831100008B1A20008000000004B
:100020000000000000000000000000004103000884
:1000300031170008000000009D030008C98900086E
:100040001F0400081F0400081F0400081F04000804
:100050001F0400081F0400081F0400081F040008F4
:100060001F0400081F04000833170008A512000829
:10007000B1120008BD120008C9120008D51200080C
:10008000E11200081F040008151000081F040008F2
:100090001F0400081F0400081F0400083917000887
:1000A0001F0400081F0400081F0400081F040008A4
:1000B0001F040008858B00081F0400081F040008A7
:1000C0001F0400081F0400081F0400081F04000884
:1000D0001F0400081F040008A5A200081F04000850
:1000E0001F0400081F040008000000001F0400088F
:1000F0001F0400081F0400081F0400081F04000854
:100100001F0400081F0400081F0400081F04000843
:100110002D9A00081F040008918B00089D8B000891
:100120001F0400081F0400081F0400081F04000823
:100130001F0400081F0400081F0400081F04000813
:1001400000000000000000000000000000000000AF
:100150001F0400081F0400081F0400081F040008F3
:100160001F0400081F0400081F0400081F040008E3
:100170001F0400081F0400081F0400081F040008D3
:100180001F0400081F0400081F0400081F040008C3
:100190001F0400081F0400081F0400081F040008B3
:1001A0001F0400081F0400081F0400081F040008A3
:1001B0001F0400081F0400081F0400081F04000893
:1001C0001F0400081F0400081F0400081F04000883
:1001D0001F0400081F040008ED1200081F04000897
:1001E0001F0400081F0400081F0400081F04000863
:1001F0001F0400081F0400081F0400081F04000853
:100200001F0400081F0400081F0400081F04000842
:100210001F0400081F0400081F0400081F04000832
:100220001F0400081F0400081F040008000000004D
:100230001F0400081F040008000000001F0400083D
:100240001F0400081F0400081F0400081F04000802
:100250001F0400081F0400081F0400081F040008F2
:100260001F0400081F0400081F0400081F040008E2
:100270001F0400081F0400081F04000800000000FD
:100280001F0400081F0400081F04000800000000ED
:10029000000000001F04000800F002F800F041F820
:1002A0000AA090E8000C82448344AAF10107DA45D1
:1002B00001D100F036F8AFF2090EBAE80F0013F0E2
:1002C000010F18BFFB1A43F0010318476CC600006A
:1002D0008CC60000103A24BF78C878C1FAD85207FB
:1002E00024BF30C830C144BF04680C6070470000B0
:1002F0000023002400250026103A28BF78C1FBD82F
:10030000520728BF30C148BF0B607047782900F002
:100310005781002070471FB50BF0FEFD1FBD10B5C3
:1003200010BD00F09BFB1146FFF7F5FF0AF0CCF87B
:1003300000F0B9FB03B4FFF7F2FF03BC00F0BCFB15
:100340002C4B19680868B0E8F04F80F30988BFF3B8
:100350006F8F4FF0000080F311887047000000009D
:1003600008480068006880F308884FF0000080F3B8
:10037000148862B661B6BFF34F8FBFF36F8F00DF93
:1003800000BF00BF08ED00E0DFF80C00016841F499
:1003900070010160704700BF88ED00E0EFF3098055
:1003A000BFF36F8F134B1A681EF0100F08BF20EDBC
:1003B000108A20E9F04F106009B44FF0500080F32C
:1003C0001188BFF34F8FBFF36F8F0BF029F84FF0F9
:1003D000000080F3118809BC19680868B0E8F04F84
:1003E0001EF0100F08BFB0EC108A80F30988BFF32D
:1003F0006F8F704730000024EFF3058070470000D6
:100400000A4880470A4880470A480047FEE7FEE757
:10041000FEE7FEE7FEE7FEE7FEE7FEE7FEE7FEE7B4
:1004200005480649064A074B704700004D1700086B
:100430008D8A000899020008B8510024B85700249A
:10044000B8530024B853002453EA020C00F069802A
:100450002DE9F04B4FF00006002B1FBFB3FA83F5D8
:1004600003FA05F424FA05F65E4012BF1643B2FA09
:1004700082F502FA05F4C5F120051EBF22FA05FC3B
:1004800044EA0C04203556EA044C4FEA144418BFE1
:10049000641C4FF000084FF00009904271EB030C10
:1004A00039D3002919BFB1FA81F701FA07F6B0FA7A
:1004B00080F700FA07F6C7F120071EBF20FA07FCF5
:1004C00046EA0C062037B6FBF4FCA7EB0507103F05
:1004D00007F01F0BCBF120060CFA0BFB2CFA06F6EB
:1004E00044BFB3460026202FA4BF5E464FF0000B4A
:1004F0005BEA060C08BF4FF0010B19EB0B09ABFBD5
:10050000027C48EB0608C01B06FB02CC0BFB03CCAD
:1005100071EB0C01C1E70B46024641464846BDE877
:10052000F08B13B54FF000004FF00001AFF30080E7
:10053000BDE81C40704700000FB47CB50C0009AA50
:10054000009001D02044401E084B7B446946019036
:10055000089800F038FA05461CB10020694600F002
:1005600045FA28467CBC5DF814FB0000A904000095
:1005700070B5044685690068C10601D5302600E0E3
:100580002026C00707D070BDD4E90121304690472E
:10059000206A401C20626D1EF6D570BD70B5044601
:1005A00085690078C00707D170BDD4E901212020FA
:1005B0009047206A401C20626D1EF6D570BD000079
:1005C00070B504460D4621461068AFF300802188BF
:1005D000090502D50F4A7A4402E00E4A7A440E32E7
:1005E000002104F1240305E000F00F060009965DE8
:1005F0005E54491C0028F7D120780023000704D559
:10060000702D02D009B1022311322046BDE870409E
:1006100000F07AB9BABA00002DE9F05F89460446C5
:100620004FF0000ADFF874B1FB44C0F820A0204668
:10063000E1688847002874D0252806D0D4E9012134
:100640009047206A401C2062F1E700265F46204662
:10065000E16888472028054607DB312D05D2781947
:1006600010F8200C08B10643F1E7B00701D526F0D9
:100670000406C4F81CA00027C4F818A02A2D09D02D
:10068000284609F003FF38B304EB8708303DC8F86B
:10069000185019E059F8041B204604EB87029161B9
:1006A000E1688847012F054618D1E069002820DA63
:1006B00026F020061DE0D8F8180000EB800005EBBE
:1006C00040003038C8F818002046E16888470546E1
:1006D00009F0DCFE0028EED1012F0AD02E2D08D122
:1006E0002046E16888477F1C0546022F46F0200619
:1006F000C4DBA069002803DA404246F00106A0618D
:10070000F00701D026F010066C2D0BD0682D09D013
:100710004C2D39D06A2D35D0742D35D07A2D33D06B
:1007200016E038E0E1682F4620468847B842054683
:1007300009D16C2F26D04FF48060E1680643204633
:100740008847054604E06C2F1AD04FF480700643AA
:100750000DB3A5F14100192802D8203546F40066F2
:100760004A462946204626604E46FFF7CFFD80B117
:1007700001280BD0F61D26F0070000F1080956E706
:100780004020E4E78020D8E70020D6E706F10409FE
:100790004DE7284652E7206ABDE8F09F90BA000076
:1007A000032A40F2308010F0030C00F0158011F89D
:1007B000013BBCF1020F624498BF11F801CB00F875
:1007C000013B38BF11F8013BA2F1040298BF00F8C9
:1007D00001CB38BF00F8013B11F0030300F0258086
:1007E000083AC0F0088051F8043B083A51F804CBAD
:1007F000A0E80810F5E7121D5CBF51F8043B40F873
:10080000043BAFF30080D20724BF11F8013B11F87D
:1008100001CB48BF11F8012B24BF00F8013B00F8C1
:1008200001CB48BF00F8012B704710B5203AC0F04B
:100830000B80B1E81850203AA0E81850B1E81850E1
:10084000A0E81850BFF4F5AF5FEA027C24BFB1E81E
:100850001850A0E8185044BF18C918C0BDE810408F
:100860005FEA827C24BF51F8043B40F8043B08BF98
:100870007047D20728BF31F8023B48BF11F8012B5F
:1008800028BF20F8023B48BF00F8012B704702F058
:10089000FF0343EA032242EA024200F0B6B84FF0F7
:1008A000000200B5134694469646203922BFA0E8C0
:1008B0000C50A0E80C50B1F12001BFF4F7AF0907CC
:1008C00028BFA0E80C5048BF0CC05DF804EB8900BD
:1008D00028BF40F8042B08BF704748BF20F8022B00
:1008E00011F0804F18BF00F8012B70477047704718
:1008F000704710B500F0AAF8006810BD10B50446A6
:1009000000F0A4F8046010BD2DE9F0470D469946AB
:100910009246044600F124080168880604D5E0697F
:1009200021F01001216000E00120A84201DD471BF9
:1009300000E00027A1697A1902EB0900081AA061FA
:100940002078C00602D42046FFF712FE002608E0F9
:10095000D4E901211AF806009047206A401C761C51
:1009600020624E45F4DB2078C0060AD52046FFF70A
:10097000FFFD06E0D4E9012130209047206A401CA9
:100980002062381EA7F10107F4DC07E0D4E9012159
:1009900018F805009047206A401C2062281EA5F127
:1009A0000105F3DC2046FFF7F9FD2078000602D5AB
:1009B0000220BDE8F0870120FBE7000001694A1C26
:1009C00002610878704700B58FB0CDE90131002190
:1009D000059105497944CDE9031011466846FFF7B2
:1009E0001BFE0FB000BD0000E5FFFFFF0A6802F824
:1009F000010B0A607047D1E900239A4202D2531CCE
:100A00000B60107070474FF000020429C0F0128094
:100A100010F0030C3FF445AFCCF1040CBCF1020F15
:100A200018BF00F8012BA8BF20F8022BA1EB0C0186
:100A3000FFF737BF5FEAC17C24BF00F8012B00F845
:100A4000012B48BF00F8012B704700000048704799
:100A50005451002400487047545100247546FFF754
:100A6000F9FFAE4605006946534620F0070085466B
:100A700018B020B5FFF7D4FCBDE820404FF00006C9
:100A80004FF000074FF000084FF0000B21F0070176
:100A9000AC46ACE8C009ACE8C009ACE8C009ACE8B9
:100AA000C0098D46704710B50446AFF3008020465C
:100AB000BDE81040FFF73EBC01491820ABBEFEE781
:100AC00026000200704700002DE9F041D0E900C483
:100AD00080684FEA930E03F0030800BF90ED000A10
:100AE00090ED011A90ED022A90ED033A90ED044A40
:100AF00094ED006AD4ED010ABEF1000F94ED025AA4
:100B000094ED037A44D07646174600BFD1ED001A23
:100B100001F1100360EE212A07F1100541EE062ACB
:100B2000013E42EE202A43EE052A44EE072AC7ED95
:100B3000002AD1ED013A60EE234A41EE214A42EE0D
:100B4000064A43EE224A44EE054AC7ED014AD1ED7A
:100B5000020A20EE207A01EE237A02EE217A03EED9
:100B6000247A04EE227A87ED027A91ED036A19461F
:100B700020EE065A01EE205A02EE235A03EE075ADF
:100B800004EE245A87ED035A2F46BFD1194600E0E0
:100B90001546B8F1000F00F114001DD0464600BF05
:100BA000F0EE461A91ED006AF0EE452A20EE065A64
:100BB0002B1D043101EE215A013E02EE205AF0EEC7
:100BC000610A03EE225A04EE075AB0EE627A85ED0E
:100BD000005A1D46E4D103E0F0EE601AF0EE472A19
:100BE00004F1100184ED006AC4ED011ABCF1010C9E
:100BF00084ED025AC4ED032A0C4611467FF46EAF11
:100C0000BDE8F081B0B50546016082600901184673
:100C10001C46FFF744FE6C60B0BD00009FED381A23
:100C20004CF2341C20EE011AC0F6000CDFED373A0E
:100C3000B5EE400AF1EE10FAB0EEC11AB6EEC12AD6
:100C400031EE421A9FED2F2A21EE021ABCEEC12A84
:100C500012EE102A02F180036FF35F2202EE102AD7
:100C60006FF35F230CEB8202B8EE422A0CEB830396
:100C700092ED015A93ED003A93ED014A31EE421A9A
:100C800092ED002A75EE420A73EE041A73EE032AFF
:100C900034EE436A70EEA04A51EEA34AF0EE081A11
:100CA00034EE224A72EE022A32EE057A60EEA10A92
:100CB00044EE630A35EE225ADFED132A36EE064A79
:100CC00017EE224A41EE240A25EE235A06EE215A57
:100CD00001EE045A21EE204A03EE234A21EE055A82
:100CE00002EE635A01EE042A01EE053AB1EE421A11
:100CF000B8BFB0EE412A81ED003A80ED002A70477E
:100D0000610B363B00000044DB0F49BCDB0F493C64
:100D100070B53A4905460068884202D0384A904288
:100D200002D1D1F8080302E03648D0F8080310F4E5
:100D3000403F11D004F066FF04466868B0F5803F7C
:100D400006D0B0F5003F03D0B0F5403F27D101E019
:100D5000000C18E0A40822E000214FF4002003F06A
:100D6000BBFF044668688103890B18D181140C29E4
:100D700015D2DFE801F0140606060606060B0D0F75
:100D80001113800C4000B4FBF0F408E0240906E0E5
:100D9000640904E0A40902E0E40900E0240A03F085
:100DA0004FFC41F20301884208D817488442286862
:100DB000816813D821F48071816070BD1349600887
:100DC000884204D82868816821F44071F4E710490A
:100DD000884206D82868816821F4407141F4807106
:100DE000EAE70C4988422868816804D821F44071F8
:100DF00041F40071E0E741F44071DDE7002002407A
:100E00000021024000600258002D3101105E5F0099
:100E100020BCBE0040787D012DE9F041002704464A
:100E200000680D4606F01EFF0646206806F012FF19
:100E300030435DD020682F4EC168890105D5617DA2
:100E4000012902D1217D01290BD0022D1DD020685E
:100E500006F008FFB8B120688168C1F3400169B1AC
:100E600011E02549012502E08F4232D27F1C026841
:100E7000D2435206F8D440210160E8E7816831404E
:100E800041F010018160012D11D0206806F0E2FED2
:100E900048B120688168C1F3400121B981683140BF
:100EA00041F020018160022D08D0032D04D00425DB
:100EB00003F0CCFB064617E00C25F9E70825F7E719
:100EC00003F0C4FB801B05280ED9206880682842E7
:100ED0000AD0606D40F010006065A06D40F0010028
:100EE000A0650120BDE8F081206880682842E7D134
:100EF0000020F7E7C0FFFF7F00DC0C0070B5044660
:100F0000006881688268C1F3400112F0010F28D0A7
:100F100039BB816801F00D01012914D18168124AA1
:100F20001140891C816021680320086003F08EFB5A
:100F3000054612E003F08AFB401B02280DD9206809
:100F40008068C00709D0606D40F010006065A06D3A
:100F500040F00100A065012070BD20688068C007D6
:100F6000E8D1002070BD0000C0FFFF7F70B50446CF
:100F70000068816811F0010F40D18168204A114258
:100F80002DD18168D5432940491C816003F05EFB67
:100F90001C49064620681C4B884201D0984201D16A
:100FA0001A4A00E01A4A9268984202F01F0200D0E2
:100FB000014681421DD0E2B120E0816811F0010FAD
:100FC00003D181682940491C816003F03FFB801BED
:100FD00002280ED920680068C043C00709D0606DA0
:100FE00040F010006065A06D40F00100A065012098
:100FF00070BD20680168C943C907DED1002070BDFB
:101000003F000080002002400021024000230240F7
:1010100000630258044810B501F082FCBDE810409E
:10102000024801F07DBC0000F80100245C020024AD
:10103000FEE7000001EE900A9FED0C1A00EE901AF8
:10104000F8EE611A9FED0A0AF8EE600A9FED092A90
:10105000C1EE812AC0EE811A62EE800A21EE800A7A
:1010600070EEC00A80EE820A7047000000F07F45F3
:1010700033335340C3F5283E2DE9F84F4FF00009B4
:101080008A460446C06AC8464F464D4601F05CF8A1
:10109000052003F093F900261CE00A2100F0C8FFA8
:1010A000B8B9E06A40F20F1100F0AAFF81B20091D6
:1010B000E06A092100F0A4FF1FFA80FBE06A40F219
:1010C000152100F09DFF009980B26D1C8944D84421
:1010D0000744761CE06A5645DFD301F04FF945B16D
:1010E000B9FBF5F0B8FBF5F1B7FBF5F2A084E184AC
:1010F00022852046BDE8F84F00F0B6B810B590ED57
:10110000060A002481ED000A90ED070A82ED000A2C
:1011100090ED080A83ED000A80F82A4010BD000017
:1011200010B5044640F2FF729FED1B0A0020E162F9
:1011300084ED030A84ED040A84ED050A84ED060AB1
:1011400084ED070A84ED080AA284E284228584F8EB
:101150002A0084F82B0020606060A060204600F028
:1011600083F80E4A012104F1540304F13000FFF723
:1011700049FD0A4A012104F1640304F13C00FFF730
:1011800041FD04F17403054A04F14800BDE8104034
:101190000121FFF737BD00000000000018C0000863
:1011A00010B50A4604462DED028B82B0818C108862
:1011B000FFF740FFE18C5088B0EE403AFFF73AFF6E
:1011C0009088218DB0EE408AFFF734FF84ED033A1A
:1011D000F0EE408A84ED048AC4ED058A0123694655
:1011E0008DED003A01AA04F13000FFF76DFC9DED92
:1011F000010A0123694684ED060A8DED008A01AAE1
:1012000004F13C00FFF760FC9DED010A01236946F3
:1012100084ED070ACDED008A01AA04F14800FFF72A
:1012200053FCD4ED061A94ED071ADDED010A9FED8B
:101230000D0A31EE812A012032EE202A22EE000A28
:1012400071EEC01A31EE401A30EEC00AC4ED061A33
:1012500084ED071A84ED080A84F82A0002B0BDEC78
:10126000028B10BDABAAAA3E002141658165C16514
:10127000016641668166C166016741678167C16732
:10128000C0F880107047C06A00F0DCBF1CB5ADF834
:1012900000106946ADF80220ADF80430FFF780FF7A
:1012A0001CBD0000014802F0E5B90000540600240E
:1012B000014802F0DFB90000C0020024014802F03A
:1012C000D9B90000CC060024014802F0D3B90000CF
:1012D00038030024014802F0CDB90000440700247F
:1012E000014802F0C7B90000BC070024014801F022
:1012F0009BBE000044070024294A016891423AD06D
:10130000274A1832914236D0254A3032914232D0A3
:10131000234A483291422ED0214A603291422AD04B
:101320001F4A7832914226D01D4A9032914222D0F3
:101330001B4AA83291421ED01A4A91421BD0194A28
:101340001832914217D0174A3032914213D0154AC1
:10135000483291420FD0134A603291420BD0114A69
:101360007832914207D00F4A9032914203D00D4A11
:10137000A832914211D1CAB21823103AB2FBF3F24B
:101380006FF30901032A02F00703074AD25CC26522
:1013900000D9091D81650846704721F0FF01F9E772
:1013A000100002401004024054C0000830B5224A28
:1013B000012301689142CAB21BD01F4C1434A142D0
:1013C00017D01D4C2834A14213D01B4C3C34A142F1
:1013D0000FD0194C5034A1420BD0174C6434A142A9
:1013E00007D0154C7834A14203D0134C8C34A14261
:1013F0000CD11421114C083AB2FBF1F10F4A8032A2
:1014000001F01F0504EB8101AB4010E00C4D1824E6
:10141000103A0D44B2FBF4F1A82D00D80831094A66
:1014200001F01F0402EB8101064AA34080326030C4
:1014300080E80E0030BD00000854025800580258E1
:10144000F0FBFDBF0008024010B50279531E072BC8
:101450002DD8174C0168A1421BD0154C1434A14261
:1014600017D0134C2834A14213D0114C3C34A14264
:101470000FD00F4C5034A1420BD00D4C6434A1421C
:1014800007D00B4C7834A14203D0094C8C34A142D4
:1014900003D10849074C443102E00749064C443166
:1014A00004EB8202C0E91B2101219940416710BD74
:1014B00008540258FC580258FC08024010B58369D1
:1014C0004FF0C074826A0146002053B1B3F5005F4B
:1014D00015D072B1012A0CD0022A0AD0032A09D1F0
:1014E00004E01AB1012A06D0022A03D1C96AC9014F
:1014F00000D5012010BDC96AA142FAD010BD002A52
:10150000F7D0012AF2D0022AF3D0032AF3D010BD7B
:101510002DE9F04F804E804FDFF8FC911836DFF850
:10152000F8A148370468856D0AF1300ADFF8ECB19C
:101530004C45DFF8ECC1DFF8ECE16DD0B4426BD084
:10154000544569D0BC4267D0DFF8D081A8F11808B3
:10155000444561D05C455FD064455DD074455BD047
:10156000DFF8C481444557D0DFF8BC8108F1180882
:10157000444551D0DFF8B08108F1300844454BD0E4
:10158000DFF8A48108F14808444545D0DFF8988188
:1015900008F1600844453FD0DFF88C8108F17808F5
:1015A000444539D0DFF8808108F19008444533D0B4
:1015B000DFF8748108F1A80844452DD0DFF86C816C
:1015C000444529D0DFF8648108F11408444523D04C
:1015D000DFF8588108F1280844451DD0DFF84C8118
:1015E00008F13C08444517D0DFF8408108F1500865
:1015F000444511D0DFF8348108F1640844450BD02C
:10160000DFF8288108F17808444505D0DFF81C810F
:1016100008F18C08444509D1D0E91948C4F8048080
:10162000C46E1CB1D0E91C48C4F8048004684C4561
:101630002ED0B4422CD054452AD0BC4228D0374EAC
:10164000183EB44224D05C4522D0644520D0744575
:101650001ED0354EB4421BD0334E1836B44217D08C
:10166000314E3036B44213D02F4E4836B4420FD0EC
:101670002D4E6036B4420BD02B4E7836B44207D094
:10168000294E9036B44203D0274EA836B44215D125
:1016900090F85C603F2406F01F06B440AC6004681C
:1016A000256825F4802525602EE09A600068C160D9
:1016B000BDE8F08F99600068C260F9E71B4EB44244
:1016C0001BD01A4E1436B44217D0184E2836B442E6
:1016D00013D0164E3C36B4420FD0144E5036B4429E
:1016E0000BD0124E6436B44207D0104E7836B44256
:1016F00003D00E4E8C36B442DAD190F85C600124EF
:1017000006F01F06B4406C60046863608368402B79
:101710000368CFD1C9E700001000024088000240F2
:10172000A0000240B80002401004024008540258D1
:101730007047102002F05CBE402002F059BE816963
:10174000491C8161704772B6FEE7000005480549F3
:101750000839026842F00202026008688004FCD581
:10176000704700000C48025810B590ED230A04465B
:1017700006F0FAFE84ED250A94ED240A04F128000F
:1017800006F0F2FEF0EE400A84ED260A94ED250AFA
:1017900020EE000A00EEA00A08F043FE10EE100A48
:1017A000094988420FDDB3EE082A94ED251AC2EEEE
:1017B000000AD4ED261A21EE200A61EEA00A84ED7B
:1017C000250AC4ED260A10BD0000C04170B50D46C3
:1017D0000446D0212DED028BB0EE408AFFF75FF872
:1017E000DFED203A9FED203A9FED204A84F8C45067
:1017F000204684ED328AB3EE082AF0EE631AB0EE8A
:10180000431AF0EE440AB7EE000A06F0E9FEB3EE22
:10181000082AF0EE631AB0EE431AF0EE440AB7EE6F
:10182000000A04F1280006F0DBFEB2EE042ADFED28
:10183000101A9FED101AF0EE000AB6EE000A04F13D
:10184000500006F0CDFE84ED2F3A84ED303A84ED61
:101850002E3A002084F8CC0084F8CD00BDEC028B39
:1018600070BD000017B7513800000000000048426A
:101870006F12833A0AD7233C1CB5044607C904F10A
:1018800078039FED171A00EE100A83E8070084ED35
:10189000210A20EE010ADFED130A01EE101A01A859
:1018A000694601EE200ADFED100A84ED220A94ED6C
:1018B0002C0A20EE200AFFF7B1F99DEC020A94ED04
:1018C000211AD4ED221A21EE002A21EE800A01EE1F
:1018D000A02A01EE600A84ED232A84ED240A1CBDAF
:1018E0003ACD133F3ACD933FE12E654270B50446A1
:1018F000006806F0BBF90546206806F0AFF905431D
:1019000001D0012070BD2068034AC168114041F038
:101910000041C160002070BDFFFFDF7F7047000005
:101920002DE9F84F04464FF0000BDFF8ECA30D460D
:10193000CDF800B05F4690F850205846F74EE16869
:10194000012A0BD0F64B4FF0010984F8509041B1B9
:10195000296A012905D0226EF2B12AE00220BDE8F1
:10196000F88F686809283CD1A96A4FF4785049B1CA
:101970002A6801F07C0CE96A00EA524040EA0C0057
:10198000084302E0296800EA51402168CA6C1A4005
:101990000243CA64E06524E0C4E917B1A96A286A71
:1019A00031B1EA6A401E01F07C010843104300E0B7
:1019B000401E2968226E95F804C0521E22660CF063
:1019C0001F0CE26DC1F3846101FA0CF141EA0001E0
:1019D00042EA0102E26504D12068C16C194011435A
:1019E000C164206806F03AF9E8B9286800280DDBE0
:1019F00021680303CA6921D090FAA0F0B0FA80F000
:101A000000F01F0309FA03F00243CA6195F82500AC
:101A100095F826100028206813D0C26822F44012DE
:101A200042EA4151C160206806F020F980462068F2
:101A300006F014F958EA00000DD0F6E0C0F3846017
:101A4000DEE795F82420C368490541EA025123F4F2
:101A500040121143E6E7A86A30B1E86A20B195F870
:101A60002500012836D003E095F82500012804D090
:101A70002068C16821F0007103E02068C16841F06E
:101A80000071C16095F83000012829D020680169F3
:101A900021F0020101612A68042320684FF0070C3D
:101AA000A96803EAD25318444369C2F304520CFAFA
:101AB00002FC914023EA0C030B43436199490968F6
:101AC0002068B9EB117F1BD16B69C068C0F382003D
:101AD00040001DE0606D012740F020006065D1E707
:101AE0002168AB8E904ADFF844C20869D5F8388087
:101AF0000CEB03431040184340EA08000861CAE7B2
:101B0000C168C068C9066B69E0D500F010004008E4
:101B100029698340042914D02A68206806F0B2F8A5
:101B2000297F22682869012908D0002102EB800062
:101B3000026E22F000420A43026676E04FF0004156
:101B4000F4E72068002106F07FF8000320684FF0DA
:101B5000000172D006F078F890FAA0F0B0FA80F0A8
:101B60002A6811036ED092FAA2F1B1FA81F188428B
:101B700004D100232068194606F084F8206801216A
:101B800006F062F8000320684FF001015DD006F016
:101B90005BF890FAA0F0B0FA80F02A68110359D0EF
:101BA00092FAA2F1B1FA81F1884204D120680023AF
:101BB000012106F067F82068022106F045F80003CD
:101BC00020684FF0020148D006F03EF890FAA0F0ED
:101BD000B0FA80F02A68110344D092FAA2F1B1FA67
:101BE00081F1884204D120680023032106F04AF8DD
:101BF0002068032106F028F8000320684FF0030155
:101C000033D006F021F890FAA0F0B0FA80F02A68FC
:101C100011032FD092FAA2F1B1FA81F1884204D1D6
:101C200020680023032106F02DF82068816811F058
:101C3000010F22D0E3E000E004E006F005F8C0F375
:101C400084608DE7C2F3846191E705F0FDFFC0F386
:101C50008460A2E7C2F38461A6E705F0F5FFC0F354
:101C60008460B7E7C2F38461BBE705F0EDFFC0F322
:101C70008460CCE7C2F38461D0E750F8C02F2B7B9F
:101C8000DFF8ACC0296803F018032CFA03FCC1F399
:101C9000130822EA08020CEA010C42EA0C02026074
:101CA0002448E96881426FD12348DFF890C0226858
:101CB000DFF88CE02449824222484FEA4C08134660
:101CC00022D12A68624524D042454BD0A2F1496C0A
:101CD000BCF1080C56D0A2F1865CBCF1100C54D0BB
:101CE00072454DD0DFF864C062455DD0824254D069
:101CF0008A4256D01648824201D1164854E016480E
:101D0000824250D115484FE0B2424CD12A68624518
:101D100026D1012048E00000006002580021024066
:101D2000004010040010005C1DFE00FC0200FFFFDC
:101D3000FFFF0F000000FF470020024002003004B8
:101D40002000F0140008302E001060320004002A39
:101D500000002143000052470000844B0000B84FB0
:101D6000424501D153481FE0A2F1496CBCF1080C77
:101D700008D0A2F1865CBCF1100C06D0724506D1E9
:101D80004D4811E04D480FE01CE04D480CE0DFF8F5
:101D900034C1624508D0824201D1084604E08A423B
:101DA000ADD1494800E00020D96902031BD090FA68
:101DB000A0F0B0FA80F000BF00F01F0209FA02F0B4
:101DC0000143D9612D68002D19DA404B20689842F3
:101DD00001D0B04209D19968B26801F0010102F066
:101DE0000102114305E0800EE6E7DAF8081001F081
:101DF000010141B1606D012740F020006065384667
:101E000084F850B0ABE5324A9842DFF8C8C001D040
:101E1000B04201D1114600E061468968DFF8B88020
:101E200001F0E07145451DD15FEA01281AD4504503
:101E3000E5D1984202D0B04200D06246936841F4A6
:101E4000000023F0E07101439160254923480968AF
:101E5000B1FBF0F04000801C00E0401E0090002824
:101E6000FBD1CCE7DFF87C8045450DD15FEAC11896
:101E70000AD45045C3D1984202D0B04200D0624645
:101E8000936841F080700FE0DFF85C804545B6D183
:101E90004D02B4D45045B2D1984202D0B04200D0E5
:101EA0006246936841F4800023F0E0710143916041
:101EB000A5E70000400020190002B0258000501D59
:101EC000000180210004002A0020903600200240FA
:101ED0000023024000630258000084CB400D030041
:101EE00028000024000052C70000B8CF70B5064695
:101EF0003C4886422DED028B88B06ED109213046D8
:101F000000F07EF885B240F20F11304600F078F80C
:101F100084B240F21521304600F072F883B23248A4
:101F20002A462146FFF7B2F9304C94F8CC0000283D
:101F300053D03048DFED2E0A90ED0A0A30EEC00A89
:101F400008F0ACFA284801AA84ED2C0A02AB6946D5
:101F5000FFF7D4F869462046FFF78EFC2046FFF7CE
:101F600003FC04F19C0194ED2C0AA1F108000D463C
:101F700005F044FE94ED320A03A9284606F0AEFCB3
:101F800004F1AC031A1F111F03A806F0F5FC9FED26
:101F90001A8A94ED290A1948002120EE080ABCEE9D
:101FA000C00A10EE102A06F05DFB94ED2A0A1348D1
:101FB000042120EE080ABCEEC00A10EE102A06F03A
:101FC00051FB94ED2B0A0D48082120EE080ABCEEC7
:101FD000C00A10EE102A06F045FB08B0BDEC028BDB
:101FE00070BD00005C0200240000023028010024C3
:101FF000F90F4940D400002400703B45B003002491
:102000000068A1F580710F390ED0B1F5837F08D03B
:10201000B1F5037F02D0D0F880007047D0F88C0073
:102020007047D0F888007047D0F8840070470000EF
:102030002DE9F047DFF8FC80044600680F46DFF822
:10204000F8A0404501D0504501D13C4800E03C4853
:10205000806800F01F062069082805D05FF0200581
:1020600002F0F4FA814618E04025F9E7781C14D014
:1020700002F0ECFAA0EB0900B84200D86FB9206872
:102080000068284209D1606D002184F8501040F0AA
:10209000040060650320BDE8F087206800682842DE
:1020A000E4D02168C86C10F4C07F09D00023C86850
:1020B00010F4406F06D00022514505D1474604E098
:1020C0000123F4E70122F7E70F468F4208D03EB123
:1020D000062E05D0072E03D0514503D1404602E01D
:1020E000C86801E00846C068666D002B46F40053DE
:1020F000636504D1830112D48AB182040FD40A68C3
:1021000052060CD582020AD4626D22F480526265B6
:10211000626DD20503D4626D42F001026265402D0A
:1021200001D0202002E0400401D46020086000209B
:10213000B1E70000002002400021024000230240DD
:1021400000630258704700002DE9F041384D044605
:102150000068384FA84201D0B84201D1364900E0AA
:102160003649896801F01F0605F078FD08BB206834
:10217000C168C06C10F4C07F01F0004000D190B184
:1021800094F85000012814D0012084F85000204613
:10219000FEF7ECFE01004FF000020CD084F8502056
:1021A0000846BDE8F081606D40F0200060650120C8
:1021B000F7E70220F5E7606DC00504D5A06D20F0BB
:1021C0000800A06500E0A265636D42F2010C206882
:1021D00023EA0C03B84243F48053636501D12B46D4
:1021E00000E00346834200D01EB9636D23F48013E0
:1021F00063656023036084F850202068B84200D0F3
:102200000546854209D046B1062E06D0072E04D0D9
:10221000606D40F480106065C2E7C26812F0007F14
:10222000BED18268064B1A4042F008028260B7E7CE
:1022300000200240002102400023024000630258B7
:10224000C0FFFF7F2DE9F041474D04460068474F2E
:10225000A84201D0B84201D1454900E0454989680A
:1022600001F01F0605F0FAFC08BB2068C168C06CCD
:1022700010F4C07F01F0004000D190B194F85000FC
:10228000012814D0012084F850002046FEF76EFE8D
:1022900001004FF000020CD084F850200846BDE841
:1022A000F081606D40F0200060650120F7E70220BA
:1022B000F5E7606DC00504D5A06D20F00800A065AD
:1022C00000E0A265636D42F2010C206823EA0C0372
:1022D000B84243F48053636501D12B4600E00346C6
:1022E000834200D01EB9636D23F4801363656023BD
:1022F000036084F850202068C268920203D54268C7
:1023000042F480624260206908282068426807D051
:1023100022F0400242602068426842F0200206E05B
:1023200022F0200242602068426842F0400242608F
:102330002068B84200D00546854209D046B1062E35
:1023400006D0072E04D0606D40F480106065A5E7CC
:10235000C26812F0007FA1D18268074B1A4042F098
:10236000080282609AE7000000200240002102403B
:102370000023024000630258C0FFFF7F70B504468F
:1023800090F85000012809D0012084F85000022163
:102390002046FEF741FD050002D014E0022070BD8A
:1023A000206805F063FC18B1606D20F4805009E0EE
:1023B0002046FEF7A3FD050005D1606D20F488508E
:1023C00040F001006065002084F85000284670BD90
:1023D000704770472DE9F0470F4690F850109AB0BB
:1023E000044601294FF0000915D00026DFF8F880D7
:1023F000012084F8500015961696216841450ED1AB
:102400003A4D0095284605F031FC8246206805F0DB
:102410002DFC60B10EE002201AB0BDE8F087606DBF
:1024200084F8506040F0200060650120F4E7BAF1C4
:10243000000F09D0616D4FF0010941F02000606587
:10244000484684F85060E7E720684146884201D05A
:10245000A84201D1264800E0264840F61F72D7F86E
:1024600000C0254BBCF1000F23D0D0F808C0D7F82E
:1024700004802CF4404C4CEA080CC0F808C0D4F896
:1024800000C08C4501D0AC4507D18968AB6801F02C
:10249000010103F00103194302E0996801F0010111
:1024A0000029CDD1BD683968836829439343194316
:1024B00017E0876827F44047876027688F4201D07C
:1024C000AF4207D18968AB6801F0010103F0010355
:1024D000194302E0996801F001010029B0D1816837
:1024E00091438160ACE700000020024000210240DF
:1024F0000023024000630258006002582DE9F84FA3
:102500000446EB4E0020DFF8ACB30090002794F8AF
:1025100050000D46DFF8A0A3012808D04FF00109B4
:1025200084F85090206805F09DFB18B171E10220FD
:10253000BDE8F88F286800280EDB21680303CA690C
:1025400028D090FAA0F0B0FA80F000BF00F01F038E
:1025500009FA03F00243CA61D5E900124FF00C0CEE
:1025600020681F23C1F384610CEA921C02F01F0251
:10257000604493409140026B9A430A43026320688F
:1025800005F070FB8046206805F064FB58EA000007
:1025900003D08DE0C0F38460D8E72A680423206864
:1025A0004FF0070CA96803EAD25318444369C2F3F9
:1025B00004520CFA02FC914023EA0C030B434361E2
:1025C000BE490968B9EB117F06D121686869C968FD
:1025D000C1F38201490008E02068C168C906C168EA
:1025E0006869F5D501F01001490888402969042976
:1025F0002ED023682A6803EB810102F0F8420B6EAB
:10260000024303F0004010430866697E226828698F
:10261000012917D05FF0000102EB8000026E22F06A
:1026200000420A430266297E20682A6901290CD0EB
:102630000021036902F01F02914023F4F0420A4393
:10264000026135E04FF00041E6E74FF40061F0E74A
:1026500020682978026E02F0F842B2EB816F03D154
:10266000016E21F00041016620682978426E02F077
:10267000F842B2EB816F03D1416E21F00041416617
:1026800020682978826E02F0F842B2EB816F03D1A4
:10269000816E21F00041816620682978C26E02F0C7
:1026A000F842B2EB816F03D1C16E21F00041C166E7
:1026B0002068816811F0010F72D150F8C03F2A7B69
:1026C000DFF8FCC1296802F018022CFA02FCC1F301
:1026D000130823EA08030CEA010C43EA0C03036025
:1026E000E96859456CD177482268DFF8DCC1DFF82A
:1026F000DCB18242DFF8D8E17648774BDFF8DC8145
:1027000022D12968614524D0B1EB4C0C38D0A1F11D
:10271000496CBCF1080C35D0A1F1865CBCF1100C01
:1027200032D0DFF8BCC1614528D071453AD0814232
:1027300030D0994232D06B48814201D16A4831E0B1
:1027400041452ED169482DE0B2422AD12968614520
:1027500001D1012026E0A1F1066CBCF1040C0FD0E0
:10276000A1F1496CBCF1080C0CD0A1F1865CBCF164
:10277000100C09D0DFF868C1614507D15C4811E051
:1027800058460FE05B480DE05B480BE0714509D00F
:10279000814201D1184605E09942D1D1574801E064
:1027A0003CE00020D16903031AD090FAA0F0B0FAFF
:1027B00080F000BF00F01F0309FA03F00143D1616C
:1027C000D5F800C0BCF1000F28DA3E4B20684C4918
:1027D000DFF83091984201D0B04203D10A4602E0BE
:1027E000800EE7E74A469268984202F0E07201D014
:1027F000B04209D19D68D6F8088005F0010508F0BF
:10280000010845EA080503E0DAF8085005F001057B
:102810004DB1606D012740F020006065002084F814
:102820005000384684E6384DAC451CD115021AD408
:102830005045F3D1984202D0B04200D049468B684F
:1028400042F4000023F0E07202438A6030492F48CE
:102850000968B1FBF0F04000801C00E0401E0090D1
:102860000028FBD1DAE72B4DAC450CD1D5010AD4B9
:102870005045D3D1984202D0B04200D049468B682F
:1028800042F080700EE0244DAC45C7D15502C5D44E
:102890005045C3D1984202D0B04200D049468B681F
:1028A00042F4800023F0E07202438A60B6E7000041
:1028B000002102400000FF47006002580010005C49
:1028C000FFFF0F00002002400200300440002019EA
:1028D0000004002A0008302E001060320000844BF3
:1028E0002000F01400002143000052470000B84FC0
:1028F0000002B0258000501D00018021002090368C
:102900000023024000630258000084CB400D030006
:1029100028000024000052C70000B8CF704770475D
:102920002DE9F05F0446006806684568DFF87082AC
:10293000DFF870B2DFF87092404501D0484501D110
:10294000584600E09948806800F01F07B0070ED590
:10295000A8070CD5606DC00603D4606D40F400601C
:1029600060652046FEF7DAFF2168022008607007E4
:1029700001D5680703D4300737D5280735D5606DF2
:10298000C00603D4606D40F400706065206805F0F7
:1029900071F920B32068484501D1424600E0024663
:1029A000824208D03FB1052F05D0092F03D04845FA
:1029B00003D1414602E0C16801E00146C9688904CB
:1029C0000DD4016809070AD505F04CF958B3606DBC
:1029D00040F010006065A06D40F00100A065204649
:1029E000FFF79CFF21680C200860B00601D5A806FF
:1029F00003D4700658D5680656D5606DC00603D45A
:102A0000606D40F4005060652068C16C11F4C07FB7
:102A10001AD000218A4605F02DF902462068484563
:102A200014D1434613E02068416821F00C01416055
:102A3000606D20F480706065606DC004CFD4606DFF
:102A400040F001006065CAE70121E3E703468342E5
:102A500008D03FB1062F05D0072F03D0484503D13A
:102A6000414602E0C16801E00146C968BAF1000FC1
:102A700014D08B0102D58AB18A040FD402685206A1
:102A80000CD589020AD405F0E5F8E8B3606D40F092
:102A900010006065A06D40F00100A0652046FFF7C2
:102AA00025FA21686020086030060BD5280609D574
:102AB000606D40F480306065204600F08DF921683B
:102AC00080200860F0050CD5E8050AD5606D40F45B
:102AD000003060652046FFF77BFC21684FF4807072
:102AE0000860B0050CD5A8050AD5606D40F48020BB
:102AF00060652046FFF76DFC21684FF400700860A8
:102B0000F00631D5E80600E00AE02DD5206BE8B1EB
:102B10002068EFB3404501D0484512D1584611E036
:102B20002068416821F060014160606D20F48050B0
:102B30006065606DC005B1D4606D40F001006065F6
:102B4000ACE71A48806800F4404050B1606D40F432
:102B500080606065A06D40F00200A0652046FFF730
:102B6000DEFE216810200860700517D5680515D5B0
:102B7000616D4FF4806041F480416165A16D41F069
:102B80000801A165216808602046BDE8F05F00E00B
:102B900001E0FFF7D7BAC0688007D6E7BDE8F09F2D
:102BA000002002400023024000210240006302583E
:102BB000F8B54FF0000604003546009602D0606D6F
:102BC00010B107E00120F8BD204600F007F9A66526
:102BD00084F8506020688168C1F3407119B1816840
:102BE000704A1140816020688168C1F3007181B929
:102BF00081686D4A114041F0805181606C496B4899
:102C00000968B1FBF0F0401C00E0401E0090002875
:102C1000FBD120688168C1F3007141B9616D012564
:102C200041F010016165A16D41F00101A16505F060
:102C300019F8616DC90600D420B1606D012540F01E
:102C4000100093E0606D20F4807040F00200606539
:102C50002068816811F0010F1FD1564A564B9042EF
:102C600001D0984207D191689E6801F0010106F0F9
:102C70000106314303E05149896801F0010161B95E
:102C8000904201D0984201D14D4800E04D48826801
:102C9000616822F47C120A43826001F0D1FC41F2A7
:102CA0000301884202D9A06810280CD0617D227FE0
:102CB000A368206B490341EA024118430843217F7E
:102CC00001290CD010E0607D227F216B400340EA97
:102CD000024241F01000104340F00C00EFE7218C5D
:102CE000394A02EB41410843616A29B1A26A01F401
:102CF0007871014342EA01002168344BCA681A40E6
:102D00000243CA60206804F0ADFF0646206804F064
:102D1000A1FF30431DD1216844F20303267DE26AFE
:102D2000C86842EA863298431043C86094F8380075
:102D300001281ED02068016921F00101016120688D
:102D4000626B016921F07041114301612046FDF77A
:102D5000DFFFE068012820681CD0016B21F00F0123
:102D60000163606D20F0020040F0010060652846BC
:102D7000F8BD2068A28F164FD4E9101C154E07EB42
:102D80000247A36C026941EA0C013B4332401943FC
:102D90001143D3E7A269016B521E21F00F011143C9
:102DA000DEE70000C0FFFF5FC0FFFF7F400D0300B4
:102DB0002800002400200240002102400060025848
:102DC00000230240006302580000FEFF03C0F0FF32
:102DD0000100FFFF1EF800FC704700002DE9F04FD6
:102DE00087B0064614216846FDF759FD514B002473
:102DF0004F480325DFF840814FF48067D6F800C0C4
:102E0000083019684FF40069494AC4454FF4005A24
:102E10004FF4807B01F1010146D10129196007D1EE
:102E2000116841F020011160116801F02001059145
:102E3000016841F004010160016801F0040105919D
:102E4000016841F00101016000686946029400F0E8
:102E5000010005901320CDE90005384801F0D4FAAF
:102E600014206946CDE900053548029401F0CCFAFA
:102E7000344D4FF0090C344B05F10C0128462B6002
:102E8000C5E901C481E8900E2C626C6248E0F564EB
:102E900000220221AE63122001F0C8FC122001F0D2
:102EA000B7FC07B0BDE8F08FDFF8A080C445F8D1CB
:102EB0000129196007D1116841F0200111601168E2
:102EC00001F020010591016841F0010101600168F4
:102ED00001F001010591016841F004010160006801
:102EE0006946029400F0040005904820CDE90005F1
:102EF000134801F089FA20206946CDE900050F4802
:102F0000029401F081FA0F4D0A230F4A78353032CE
:102F10001CC5A5F10C0085E8900E6C61AC610C3D00
:102F200000F01CFF0028B2D0FEF70DFCAFE7000058
:102F3000D84402581800002400200240000802581B
:102F400000000258C0020024280002400021024074
:102F5000F0B50C7A00231A46012C2ED12F4B0268B3
:102F60009A4228D02D4B18339A4224D02B4B303321
:102F70009A4220D0294B48339A421CD0274B6033C9
:102F80009A4218D0254B78339A4214D0234B903371
:102F90009A4210D0214BA8339A420CD0204B9A422F
:102FA00009D01F4B18339A4205D01D4B30339A423B
:102FB00001D01B4B4833D1E9003290F83540012C49
:102FC00004D04FF4006141650120F0BD90F8344019
:102FD000012C20D0012480F8344050F8604F114D6E
:102FE0000026276827F48137276050F82C498F89FD
:102FF00091F808C0497A05EBC74545EA036325689F
:10300000134343EA0C4242EA4121EBB219432160E7
:1030100006700020F0BD0220F0BD0000100002404C
:10302000100402400000F8FF10B50446D4E919016D
:10303000006808420FD0206E016821F480710160A1
:10304000D4E919014160606D40F400706065E16C85
:1030500009B120468847E06E002816D0D4E91C123A
:103060000968114211D0016821F480710160D4E92E
:103070001C014160606D40F480606065E16C002976
:1030800003D02046BDE81040084710BD2DE9F84F99
:10309000044601F0DBFA00903CB194F835000228B8
:1030A00006D0802161650020E4E00120BDE8F88FB2
:1030B000C74DC74EC649183520683036DFF814832F
:1030C000DFF814938842DFF814A3DFF814B32ED08E
:1030D000A8422CD0B0422AD0404528D0484526D01E
:1030E000504524D0584522D0BD4A183290421ED0B7
:1030F000BC4A90421BD0BB4A1832904217D0B94A02
:103100003032904213D0B74A483290420FD0B54A7D
:10311000603290420BD0B34A7832904207D0B14A25
:103120009032904203D0AF4AA832904209D102684F
:1031300022F01E0202602068426922F08002426191
:1031400003E0026822F00E02026027688F423846D0
:103150004DD0A8424BD0B04249D0404547D0484519
:1031600045D0504543D0584541D09D4A18329042F1
:103170003DD09C4A90423AD09A4A1832904236D07A
:10318000984A3032904232D0964A483290422ED0FD
:10319000944A603290422AD0924A7832904226D0A5
:1031A000904A9032904222D08E4AA83290421ED04D
:1031B0008D4A90421BD08C4A1432904217D08A4AD2
:1031C0002832904213D0884A3C3290420FD0864A2F
:1031D000503290420BD0844A6432904207D0824AE7
:1031E0007832904203D0804A8C32974204D1206ECC
:1031F000026822F48072026075492068884228D0F3
:10320000A84226D0B04224D0404522D0484520D004
:1032100050451ED058451CD071491831884218D0ED
:103220007049884215D06F491831884211D06D49D4
:10323000303188420DD06B494831884209D0694904
:103240006031884205D067497831884201D06549AC
:103250009031016821F0010101600EE001F0F6F902
:103260000099401A052808D9202262650321002010
:1032700084F8351084F8340017E73868C007EDD1BA
:10328000534A0121206890422ED0A8422CD0B0424F
:103290002AD0404528D0484526D0504524D058450E
:1032A00022D04F4B183398421ED04E4B98421BD021
:1032B0004C4B1833984217D04A4B3033984213D0B6
:1032C000484B483398420FD0464B603398420BD05E
:1032D000444B7833984207D0424B9033984203D006
:1032E000404BA833984208D194F85C703F23A06DFE
:1032F00007F01F07BB40836007E094F85C30A06DC7
:1033000003F01F0301FA03F34360206890424DD09D
:10331000A8424BD0B04249D0404547D0484545D05F
:10332000504543D0584541D02D4A183290423DD0A7
:103330002C4A90423AD02B4A1832904236D0294A31
:103340003032904232D0274A483290422ED0254A1D
:10335000603290422AD0234A7832904226D0214AC5
:103360009032904222D01F4AA83290421ED01E4A6C
:1033700090421BD01C4A1432904217D01A4A28326D
:10338000904213D0184A3C3290420FD0164A503225
:1033900090420BD0144A6432904207D0124A7832DD
:1033A000904203D0104A8C3290420BD1D4E91902DA
:1033B0004260E06E30B1026822F480720260D4E9AB
:1033C0001C024260002084F8351084F834006DE659
:1033D0001000024058000240700002408800024085
:1033E000A000024010040240085402582DE9F05F8A
:1033F00028B190F83510022904D0802141650120C0
:10340000BDE8F09F904C904B0168183C18338E4AF1
:10341000DFF83C92A1428D4CDFF838E28E4FDFF8A6
:103420003CB2DFF83CA28F4D8F4E31D091422FD06D
:1034300099422DD0A1422BD0494529D0714527D0A2
:10344000B94225D0DFF810C20CF1180C61451FD02D
:10345000DFF808C2ACF1600C614519D0DFF8FCC19F
:10346000ACF1480C614513D0DFF8F0C1ACF1300C81
:1034700061450DD0DFF8E4C1ACF1180C614507D00F
:10348000594505D0514503D0A94201D0B1422CD1B4
:10349000DFF8B4C14FF0040880F83580ACF1180CA7
:1034A00061451DD091421BD0994219D0A14217D03D
:1034B000494515D0714513D0B94211D0664818302E
:1034C00081420DD065486038814209D06348483850
:1034D000814205D061483038814201D05F481838B8
:1034E000086820F001000860ABE0D1F800C02CF0C3
:1034F0000E08DFF854C1C1F80080ACF1180C016867
:10350000614527D0914225D0994223D0A14221D0B4
:1035100049451FD071451DD0B9421BD0DFF838C1D5
:103520000CF1180C614515D0DFF830C1ACF1600C1E
:1035300061450FD0DFF824C1ACF1480C614509D0DA
:10354000DFF818C1ACF1300C614503D0DFF80CC1D5
:10355000ACF1180CD1F800C02CF0010CC1F800C07F
:10356000DFF8E4804FF0010C0168A8F1180841452C
:1035700046D0914244D0994242D0A14240D04945E0
:103580003ED071453CD0B9423AD0334A18329142CC
:1035900036D0324A603A914232D0304A483A91426B
:1035A0002ED02E4A303A91422AD02C4A183A9142D3
:1035B00026D0594524D0514522D0A94220D0B1422D
:1035C0001ED02A4A91421BD0284A1432914217D069
:1035D000264A2832914213D0244A3C3291420FD0DD
:1035E000224A503291420BD0204A6432914207D095
:1035F0001E4A7832914203D01C4A8C32914218D133
:10360000016E0A6822F480720A6090F85C20816D75
:1036100002F01F020CFA02F24A60D0E919124A6065
:10362000C16E31B10A6822F480720A60D0E91C12BE
:103630004A600022016D80F835C080F8342001B165
:1036400088470020DCE600002800024058000240C5
:103650007000024088000240A00002407004024056
:1036600088040240A0040240B804024008540258F2
:10367000406D70472DE9FC5F0446F74E0020DFF8EF
:10368000D88300904FF41652F44808F11808A56D3D
:10369000DFF8C493DFF8C0A3016809F1300920689E
:1036A0000AF1480AB1FBF2F1B04201912F68D5F856
:1036B00000C0DFF8ACB335D04146884232D048452F
:1036C00030D050452ED058452CD0E549183188428D
:1036D00028D0E3493031884224D0E149483188423A
:1036E00020D0E04988421DD0DE491831884219D0E7
:1036F000DC493031884215D0DA494831884211D04E
:10370000DFF860E30EF1600E70450BD0D54A7832D9
:10371000904207D0D34B9033984203D0D149A8317F
:1037200088427DD194F85C20082102F01F0201FA42
:1037300002F23A424AD0B04232D0404530D04845F9
:103740002ED050452CD058452AD0C54A1832904228
:1037500026D0C34A3032904222D0C14A48329042E9
:103760001ED0C04A90421BD0BE4A1832904217D099
:10377000BC4A3032904213D0BA4A483290420FD0FD
:10378000B84A603290420BD0B64A7832904207D0A5
:10379000B44A9032904203D0B24AA832904203D148
:1037A000026802F0040202E0026802F008026AB154
:1037B000026822F00402026094F85C0000F01F002E
:1037C0008140A960606D40F00100606594F85C0084
:1037D000012100F01F008140394240D02068B042F2
:1037E00034D0404532D0484530D050452ED0584591
:1037F0002CD09B4A1832904228D0994A30329042BD
:1038000024D0974A4832904220D0964A90421DD008
:10381000944A1832904219D0924A3032904200E0D5
:10382000AFE113D08F4A483290420FD08D4A6032B8
:1038300090420BD08B4A7832904207D0894A90321E
:10384000904203D0874AA83290427DD1406910F05F
:10385000800F04D0A960606D40F00200606594F8AC
:103860005C00042100F01F00814039423ED02068F6
:10387000B04232D0404530D048452ED050452CD0B3
:1038800058452AD0764A1832904226D0744A3032AF
:10389000904222D0724A483290421ED0714A9042E1
:1038A0001BD0704A1832904217D06E4A3032904284
:1038B00013D06C4A483290420FD06A4A603290422C
:1038C0000BD0684A7832904207D0664A90329042D4
:1038D00003D0644AA83290424ED1006810F0020F23
:1038E00004D0A960606D40F00400606594F85C004D
:1038F000102100F01F008140394258D02068B042AA
:1039000034D0404532D0484530D050452ED058456F
:103910002CD0534A1832904228D0514A303290422B
:1039200024D04F4A4832904220D04E4A90421DD077
:103930004C4A1832904219D04A4A3032904215D03F
:10394000484A4832904200E014E00FD0454A6032C5
:1039500090420BD0434A7832904207D0414A90328D
:10396000904203D03F4AA832904207D1006800F04D
:10397000080006E0006872E70068B7E7006800F03A
:103980000400A0B1A96020680168490304D500685B
:10399000000308D5A16C07E00168C90503D40168DC
:1039A00021F008010160216C09B12046884794F894
:1039B0005C00202100F01F008140394279D020684E
:1039C000B04232D0404530D048452ED050452CD062
:1039D00058452AD0224A1832904226D0204A303206
:1039E000904222D01E4A483290421ED01D4A904238
:1039F0001BD01C4A1832904217D01A4A30329042DB
:103A000013D0184A483290420FD0164A6032904282
:103A10000BD0144A7832904207D0124A903290422A
:103A200003D0104AA832904203D1006800F0100081
:103A300002E0006800F00200B0B3A96094F835001D
:103A40000428206801680FD049037ED50068000370
:103A50002BD4616C2AE000001000024028000024F2
:103A6000700002401004024021F01601016020683D
:103A7000416921F080014161206C08B9A06C20B13E
:103A80002068016821F00801016094F85C303F2152
:103A9000012003F01F0300229940A96084F835003B
:103AA00084F83420216D65E003E0E16B09B1204624
:103AB0008847606D00287DD0606DC00759D02068B0
:103AC000042184F83510B0422BD0404529D0484518
:103AD00027D0504525D0584523D09D49884220D035
:103AE0009B49183188421CD099493031884218D0FE
:103AF0009849884215D097491831884211D0954984
:103B0000303188420DD093494831884209D09149DB
:103B10006031884205D08F497831884201D08D4983
:103B20009031016821F00101016020680099019A3B
:103B3000491C0091914202D80168C907F6D100687A
:103B4000C00710D003200FE0FFE70168C905ACD41F
:103B500003680121002223F01003036084F835106C
:103B600084F83420A1E7012084F83500002084F88F
:103B70003400E16C00291DD002B02046BDE8F05FA2
:103B80000847754988421DD073491431884219D0BD
:103B900071492831884215D06F493C31884211D093
:103BA0006D49503188420DD06B496431884209D04B
:103BB000694900E084E07831884203D066498C315D
:103BC00088427DD194F85C800427016808F01F08C2
:103BD00007FA08F717EA0C0F009746D04F0744D5AD
:103BE00000980F04686003D5C8033CD4A16CC1E7FA
:103BF000880638D42068B0422DD0554960398842B3
:103C000029D0484527D0504525D0584523D0504984
:103C1000884220D04E49183188421CD04C4930315E
:103C2000884218D04B49884215D04A4918318842F9
:103C300011D04849303188420DD046494831884238
:103C400009D0704507D0904205D0984203D0414931
:103C5000A831884203D1016821F0080102E001681F
:103C600021F004010160216C84E7022707FA08F7BC
:103C700017EA0C0F00974ED08F074CD500980F0411
:103C8000686003D5C80344D4616C73E7880640D4E8
:103C90002068B0422FD02E49603988422BD0484549
:103CA00029D0504527D0584525D02949884222D0CF
:103CB0002749183188421ED025493031884200E01A
:103CC00044E018D02349884215D02249183188424F
:103CD00011D02049303188420DD01E4948318842E8
:103CE00009D0704507D0904205D0984203D01949B9
:103CF000A831884203D1016821F0140102E0016873
:103D000021F00A010160012184F83510002084F8B7
:103D10003400E16B2EE7082202FA08F212EA0C0FD7
:103D200014D0090712D5016821F00E01016094F842
:103D30005C100120002201F01F0100FA01F169600E
:103D4000606584F8350084F8342012E7BDE8FC9FF4
:103D50008800024010040240085402582DE9F05F28
:103D6000044600F073FC002C07467DD0E34E022190
:103D700020684FF00308DFF888934FF00005DFF864
:103D800084A3B042DFF880B334D0DC4A18329042CA
:103D900030D048452ED050452CD058452AD0DA4A4C
:103DA0001832904226D0D84A3032904222D0D64A99
:103DB000483290421ED0D54A90421BD0D34A183286
:103DC000904217D0D14A3032904213D0CF4A483275
:103DD00090420FD0CD4A603290420BD0CB4A78321D
:103DE000904207D0C94A9032904203D0C74AA832C5
:103DF00090427DD184F83510B04284F834502ED0F2
:103E0000BE49183188422AD0484528D0504526D08E
:103E1000584524D0BC491831884220D0BA493031A5
:103E200088421CD0B8494831884218D0B7498842E6
:103E300015D0B6491831884211D0B4493031884282
:103E40000DD0B2494831884209D0B049603188422A
:103E500005D0AE497831884201D0AC499031016833
:103E600021F00101016008E027E100BF00F0EEFB56
:103E7000C01B052801D920211CE120680068C0076B
:103E8000F4D104F108002168D4E9053C8E4685C8C8
:103E900009681043D4E907281F43636A38439C4FDD
:103EA00040EA0C001043394040EA0800042B40EA85
:103EB000010003D1D4E90B12114308439549096865
:103EC0006FF30F01B1F1005F0FD36168A1F1290217
:103ED000052A08D9163A032A05D9083A012A02D92F
:103EE0004F39032901D840F48010CEF8000000E0DB
:103EF00023E02068676A4069042F20F0070047EA42
:103F000000070DD1D4E90A01074349B12046FDF766
:103F1000D5FA28B140206065012184F83510CCE045
:103F2000206847612046FDF7E7F994F85C203F21BF
:103F300002F01F029140816054E0774A90421BD00A
:103F4000754B1433984217D0734B2833984213D0D3
:103F5000714B3C3398420FD06F4B503398420BD08B
:103F60006D4B6433984207D06B4B7833984203D043
:103F7000694B8C3398427DD184F8351084F83450E5
:103F8000664B0168A26801EA030E402A73D0802ABA
:103F900072D00022D4E90378D4E9053142EAD7028D
:103FA00042EAD8085C4AD4E9077C48EAD30848EAE0
:103FB000D10141EAD701524241EA1C11142341EADE
:103FC0000E01016020681044B0FBF3F08000E06552
:103FD0002046FDF791F994F85C20012102F01F02C0
:103FE000914041602068B04257D04449183188421E
:103FF00053D0484551D050454FD058454DD04249F7
:104000001831884249D040493031884245D03E4934
:104010004831884241D03D4988423ED03B49183121
:1040200088423AD039493031884236D03749483110
:10403000884232D03549603188422ED033497831B8
:1040400088422AD031499031884226D02F49A83160
:10405000884222D0304988421FD02F4914318842EB
:104060001BD02D492831884217D02B493C3188423A
:1040700013D002E01DE017E018E0274950318842D4
:104080000BD025496431884207D0234978318842D2
:1040900003D021498C31884229D12046FDF786F989
:1040A000A06880280CD00CE0102273E74FF4804207
:1040B00070E74021616584F835800120BDE8F09FFC
:1040C0006560216E20790860D4E91901416060685B
:1040D000401E072808D82046FDF7B6F9E06E0560B7
:1040E000D4E91C01416002E0E566256765670120AF
:1040F000656584F835000020E0E70000100002400C
:10410000400002405800024070000240100402408B
:104110003F8010FE0010005C085402580F00FEFFA4
:104120002DE9F84F04008C464FF00000009014D0A9
:1041300094F83400012812D094F835500120002161
:1041400084F83400012D0CD0C0026065012000907D
:1041500084F834100098BDE8F88F0120FBE70220B6
:10416000F9E78C4D0226206884F83560A8428A4D14
:1041700061658A4E8A4FDFF82C82DFF82C92DFF8D7
:104180002CA2DFF82CB226D0A84224D0B04222D0F4
:10419000B84220D040451ED048451CD050451AD0CA
:1041A000584518D08349884215D082491831884231
:1041B00011D08049303188420DD07E494831884243
:1041C00009D07C496031884205D07A4978318842EB
:1041D00001D078499031016821F001010160614608
:1041E0002046FDF795F96B49206888422CD0A842FB
:1041F0002AD0B04228D0B84226D0404524D04845E5
:1042000022D0504520D058451ED06A4A90421BD03B
:10421000684A1832904217D0664A3032904213D022
:10422000644A483290420FD0624A603290420BD0CA
:10423000604A7832904207D05E4A9032904203D072
:104240005C4AA83290420CD1026822F01E0242F071
:1042500016020260206C88B12068026842F00802F1
:104260000BE0026822F00E0242F00A020260206CAB
:1042700020B12068026842F004020260206888428F
:104280004BD0A84249D0B04247D0B84245D0404573
:1042900043D0484541D050453FD058453DD0454A90
:1042A00090423AD0434A1832904236D0414A303296
:1042B000904232D03F4A483290422ED03D4A60323E
:1042C00090422AD03B4A7832904226D0394A9032E6
:1042D000904222D0374AA83290421ED0364A9042AD
:1042E0001BD0354A1432904217D0334A28329042BC
:1042F00013D0314A3C3290420FD02F4A5032904274
:104300000BD02D4A6432904207D02B4A783290422B
:1043100003D0294A8C3290420DD1206E0268D2031C
:1043200003D5026842F480720260E06E18B1026840
:1043300042F4807202602068884226D0A84224D0CD
:10434000B04222D0B84220D040451ED048451CD0B3
:1043500050451AD0584518D01649884215D01549ED
:104360001831884211D01349303188420DD011499B
:104370004831884209D00F496031884205D00D4943
:104380007831884201D00B499031016841F0010138
:104390000160DFE6100002402800024040000240B9
:1043A000580002407000024088000240A000024015
:1043B000B8000240100402400854025870B5044688
:1043C00000F044F90546601C02D00448007804441B
:1043D00000F03CF9401BA042FAD370BD1C00002441
:1043E000402802D10148FDF7AAB97047B000002467
:1043F0004FF0B04110B5D1F88820024203D0C1F887
:104400008800FFF7EDFF10BD2DE9F84F03247D4D27
:1044100000234FF001094FF0B04B4FF00F0AE9E0D5
:1044200009FA03F73A4076D00E7906F00306012E1A
:1044300001D0022E18D1D0F808C04FEA430ECE6842
:1044400004FA0EF82CEA080C06FA0EF646EA0C06F8
:104450008660D0F804C00E792CEA070CC6F300166B
:104460009E4046EA0C0646600E79F643B6070BD02E
:10447000C6684FEA43088F6804FA08FC26EA0C066F
:1044800007FA08F73743C7600E7906F00306022ED5
:1044900012D1DE080F694FEA437C00EB8606B64670
:1044A000366A4FEADC6C0AFA0CF807FA0CF726EACF
:1044B00008063743CEF820700F7906684FEA4308A4
:1044C00007F0030704FA08FC07FA08F726EA0C06C7
:1044D000374307604E6816F4403F1CD04A4E376899
:1044E00047F00207376036689F0706F0020600961D
:1044F00023F0030606F1B046B6463F0FD6F808642F
:10450000DFF808810AFA07FC404526EA0C0603D1C9
:104510004FF0000C41E06CE0DFF8F4C0604502D1E0
:104520004FF0010C39E0DFF8ECC0604502D14FF0EC
:10453000020C32E0DFF8E0C0604502D14FF0030C1E
:104540002BE0DFF8D8C0604502D14FF0040C24E026
:10455000DFF8CCC0604502D14FF0050C1DE0DFF85C
:10456000C4C0604502D14FF0060C16E0DFF8B8C0B9
:10457000604502D14FF0070C0FE0DFF8B0C0604596
:1045800002D14FF0080C08E0DFF8A4C0604502D16A
:104590004FF0090C01E04FF00A0C0CFA07FC4CEA52
:1045A000060CCEF808C44F68DBF80060FF0226EA6C
:1045B000020600D516435F46CBF80060D1F804C070
:1045C000DBF804605FEA8C2C26EA020600D516436D
:1045D0007E606E684F6826EA0206BF0300D5164368
:1045E0006E602E684F6826EA0206FF0300D5164368
:1045F0002E605B1C0A6832FA03F67FF411AFBDE847
:10460000F88F000080000058F4440258000002585F
:104610000004025800080258000C0258001002580A
:104620000014025800180258001C025800200258BA
:10463000002402580AB1816170470904FBE70000B9
:1046400001480068000C70470010005C0148806859
:10465000704700001C000024024881680278114461
:10466000816070471C000024032010B500F0FEF8A4
:1046700001F00EFB0F4A104914681368C4F30322BB
:1046800003F00F038A5CC95C02F01F0201F01F01F6
:10469000D0400A4A20FA01F11160094908600F2050
:1046A00000F010F808B1012010BD00F09FF80020C4
:1046B00010BD00001844025884C000082C000024DB
:1046C0002800002410B5102804468AB02CD20022FD
:1046D0000146362000F0AAF8362000F099F8174875
:1046E00004601748016841F010010160006809A9E1
:1046F00000F010000890684601F056FA0598B0B135
:1047000001F0A2FA40000F4900220F4CB0FBF1F17A
:104710000E4840F2E7330460C0E90332491EC0E9A5
:10472000011201F01DFF28B101200AB010BD01F0F7
:104730008BFAE8E7054801F0B1FFF6E72000002416
:10474000E844025840420F000010004034080024A2
:10475000154BF0B5083B427813491A600B680A1FE5
:1047600023F001030B6043681360057BC67A827AED
:10477000437B2D07847B45EA0665C77B90F809C01B
:10478000067A90F800E045EAC24040EA834040EAF9
:10479000444040EA074040EA0C2040EA460040EA34
:1047A0000E000860F0BD0000A0ED00E0BFF35F8FD9
:1047B000044800210368034A23F480330360703205
:1047C0001160704724ED00E0074A40F001000649FF
:1047D00070321060086840F480300860BFF34F8F7B
:1047E000BFF36F8F7047000024ED00E0074882B0F0
:1047F000016841F002010160006800220F2100F011
:1048000002000090901E02B000F010B8F44402586C
:10481000002809DB410900F01F028900012001F195
:10482000E0219040C1F80001704700000E4BF0B449
:104830001B680D46C3F30223C3F10706042E00D9FB
:104840000426191D072901D2002300E0DB1E0124E4
:1048500004FA06F19C40491E2940641E9940144008
:104860002143F0BC05F074BD0CED00E0064900F0FA
:10487000070210B54FF6FF040868044B204040EAD9
:1048800002201843086010BD0CED00E00000FA059E
:10489000134970B50A68D243520705D5096801F07B
:1048A0000701814213D118E00A6822F0070202438F
:1048B0000A60FFF7CBFE0A4D4FF47A760446083DB6
:1048C00007E000BFFFF7C2FE001BB04201D9012084
:1048D00070BD2868C0438004F4D4002070BD00007F
:1048E0000C48025810B501F08DF905490968054AD0
:1048F000C1F30211515C01F01F01C84010BD00005E
:104900002044025884C000084A4930B5494C0B1D68
:104910000A680C3409681D68246802F0030305F076
:104920000102C1F30511C4F3CC04002914FB02F207
:1049300000EE102AF8EE400A76D0414A9FED3E1A6A
:10494000DFED3E1AB7EE000A23B1012B5AD0022B3D
:1049500018D15CE0374C283C23689B0612D5394BB4
:10496000246801EE901A1168C4F3C104F8EE612ABC
:10497000E34001EE903AC1F30801F8EE611A81EECE
:10498000A22A07E002EE101A1168F8EE422A81EE20
:10499000A22A45E001EE901A1168F8EE611A40EE85
:1049A000811A71EE800A62EE200AC1F3462101EEFF
:1049B000101AB8EE411A31EE001AC0EE811ABCEEA0
:1049C000E11A80ED001A1168C1F3064101EE101AD8
:1049D000B8EE411A31EE001AC0EE811ABCEEE11AAF
:1049E00080ED011A1168C1F3066101EE101AB8EEEC
:1049F000411A31EE000A80EE801ABCEEC10A80ED49
:104A0000020A30BD01EE901ADFED0F2A03E001EE3D
:104A1000901ADFED0E2A1168F8EE611A82EEA12AD3
:104A2000C1F30801B6E7FFE7002101604160816042
:104A300030BD000028440258000000390024744CA6
:104A4000304402580090D0030024744A20BCBE4B6E
:104A5000494930B5484C0B1D0A68143409681D6873
:104A6000246802F00303C5F30012C1F30531C4F357
:104A7000CC04002914FB02F200EE102AF8EE400AE2
:104A800075D03F4A9FED3D1AB7EE000A6BB1DFEDDE
:104A90003D1A012B01D0022B64D002EE101A1168CE
:104AA000F8EE422A81EEA22A21E0334C283C23680A
:104AB0009B0612D5344B246801EE901A1168C4F39A
:104AC000C104F8EE612AE34001EE903AC1F3080117
:104AD000F8EE611A81EEA22A0BE001EE901ADFEDEA
:104AE0002B2A00BFF8EE611A116882EEA12AC1F3E9
:104AF000080101EE901A1168F8EE611A40EE811A71
:104B000071EE800A62EE200AC1F3462101EE101A0E
:104B1000B8EE411A31EE001AC0EE811ABCEEE11A6D
:104B200080ED001A1168C1F3064101EE101AB8EECB
:104B3000411A31EE001AC0EE811ABCEEE11A80ED86
:104B4000011A1168C1F3066101EE101AB8EE411A9C
:104B500031EE000A80EE801ABCEEC10A80ED020A36
:104B600030BD04E001EE901ADFED092ABAE700211A
:104B7000016041608160F3E7284402580000003979
:104B8000384402580024744A0090D0030024744C26
:104B900020BCBE4B494930B5484C0B1D0A681C343B
:104BA00009681D68246802F00303C5F30022C1F3FD
:104BB0000551C4F3CC04002914FB02F200EE102AC4
:104BC000F8EE400A75D03F4A9FED3D1AB7EE000A55
:104BD0006BB1DFED3D1A012B01D0022B64D002EE48
:104BE000101A1168F8EE422A81EEA22A21E0334C15
:104BF000283C23689B0612D5344B246801EE901A9A
:104C00001168C4F3C104F8EE612AE34001EE903A62
:104C1000C1F30801F8EE611A81EEA22A0BE001EE61
:104C2000901ADFED2B2A00BFF8EE611A116882EEB0
:104C3000A12AC1F3080101EE901A1168F8EE611A79
:104C400040EE811A71EE800A62EE200AC1F346211D
:104C500001EE101AB8EE411A31EE001AC0EE811AB8
:104C6000BCEEE11A80ED001A1168C1F3064101EEB5
:104C7000101AB8EE411A31EE001AC0EE811ABCEEDD
:104C8000E11A80ED011A1168C1F3066101EE101AF4
:104C9000B8EE411A31EE000A80EE801ABCEEC10A6D
:104CA00080ED020A30BD04E001EE901ADFED092A22
:104CB000BAE70021016041608160F3E728440258AF
:104CC00000000039404402580024744A0090D00388
:104CD0000024744C20BCBE4B2DE9F04FAC4A054675
:104CE000DFF8A8A280F48070DFF8AC9289B01311CD
:104CF000AA4C0843A748AAF104064FF0805C4FF085
:104D000000582CD085F400770F4357D0DFF87CB2E1
:104D100085F480670F430BF1080B61D085F40067C1
:104D20000F4374D085F480570F436ED085F400573D
:104D30000F434FF480394FF4003E67D085F40027CD
:104D40000F4371D085F480370F436ED085F48046D1
:104D50000E436BD085F400420A4368D02AE0DAF8AB
:104D6000001001F00701052924D2DFE801F075BC2D
:104D70007D25B10006A8FFF7C7FD079809B0BDE87B
:104D8000F08F6846FFF764FE0098F7E703A8FFF787
:104D900001FF0398F2E72068C0F3C10022FA00F097
:104DA000ECE72268D20571D561456FD11846E5E779
:104DB0004145E3D00020E1E74846DFE7DAF800109C
:104DC00001F4E07180294FD004DC002944D040294F
:104DD000F0D188E0C029EFD0B1F5807FEAD177E04B
:104DE000DBF8001001F46001B1F5800F3CD004DC69
:104DF00091B3B1F5001FDDD175E0B1F5C00FDBD087
:104E0000B1F5000FD6D163E001E018E030E0DBF847
:104E1000001001F0E061B1F1007F25D008DCD9B1CC
:104E2000B1F1807FC6D15EE049E06CE079E09CE0C2
:104E3000B1F1407FC0D0B1F1806FBBD148E0DAF86A
:104E4000001001F4E041B1F5005F0DD005DC19B1AF
:104E5000B1F5805FAED146E094E0B1F5405FABD0F4
:104E6000B1F5804FA6D133E020688000A2D58DE750
:104E7000DAF8001001F4E021B1F5403F6CD006DC17
:104E800061B149457AD0714594D157E037E0B1F529
:104E9000802F65D0B1F5A02F8CD10CE000F0D4FEAE
:104EA0006CE76846FFF7D4FD019867E703A8FFF7B2
:104EB00071FE049862E721688903F1D47AE7DBF890
:104EC000001011F440310ED0494510D07145F5D194
:104ED0003168256801F040516D077FF562AF002908
:104EE0007FF45FAF57E720680001E7D549E7206806
:104EF0008000E3D503A8FFF74DFE05983EE7226842
:104F00009203DBD554E7306810F480303AD048453E
:104F1000D4D120680001D1D56846FFF799FD0298E9
:104F20002CE7DBF8001001F0E041B1F1405F13D055
:104F300008DC71B1614521D04145BFD120688000B6
:104F4000B4D437E7B1F1804F0AD0B1F1A04FB2D05D
:104F500030E7FFF7C7FC11E720684007AED51AE736
:104F60002068C005AAD521E708E0DAF8001011F0A2
:104F70004051A0D0614505D041459FD12068000136
:104F80008FD417E72068800198D5F3E65044025883
:104F90000090D00340787D010080BB00004402589F
:104FA0002DE9FE4F0546DFF8E48350F8081B002486
:104FB000F64FC943019005F12800264608F1240860
:104FC000009008011DD4A86E50B1B0F5801F0CD020
:104FD000B0F5001F0ED0B0F5401F1ED001240FE029
:104FE000386840F40030386017E00198022103F07F
:104FF00055FB03E00098022103F0E0FB04000CD015
:1050000026462888C043C00523D4A86D05281ED293
:10501000DFE800F00C11161B1B00AA6ED8F8001078
:1050200021F440111143C8F80010EAE7386840F451
:105030000030386009E00198002103F02FFB03E005
:105040000098002103F0BAFB044674B100E001248B
:1050500026462888C043800528D4E86D80281ED0C5
:105060000CDC90B140280ED114E0AA6DD8F80010E5
:1050700021F007011143C8F80010EAE7C02813D057
:10508000B0F5807F10D001240FE0386840F4003084
:10509000386009E00198002103F000FB03E000986C
:1050A000002103F08BFB04469CB126462888DFF8DC
:1050B000DC92C04309F12C0940052CD4D5F8A80096
:1050C000B0F5800F20D00DDCA0B1B0F5001F0FD1DE
:1050D00015E0EA6DD8F8001021F4E0711143C8F82A
:1050E0000010E3E7B0F5C00F13D0B0F5000F10D0FB
:1050F00001240FE0386840F40030386009E001987E
:10510000002103F0CBFA03E00098002103F056FBE6
:1051100004467CB126462888C04300052DD4D5F826
:10512000AC00B0F1007F21D00EDCA8B1B0F1807FDF
:1051300010D116E0D5F8A820D9F8001021F46001AC
:105140001143C9F80010E6E7B0F1407F13D0B0F189
:10515000806F10D001240FE0386840F400303860D0
:1051600009E00198002103F099FA03E0009800217A
:1051700003F024FB044674B126462868C04380012E
:105180001FD4E86CD8B110280FD0202812D03028B6
:1051900015D0012414E0D5F8AC20D9F8001021F086
:1051A000E0611143C9F80010E7E7386840F40030C7
:1051B000386004E00198022103F070FA044674B1EB
:1051C00026462888C043C0042BD4286EB0F5005F63
:1051D00020D00DDCA0B1B0F5805F0FD115E06B4899
:1051E000EA6C2030016821F0300111430160E8E7EA
:1051F000B0F5405F13D0B0F5804F10D001240FE020
:10520000386840F40030386009E00198002103F06C
:1052100045FA03E00098002103F0D0FA04468CB16F
:1052200026462888C043800429D4686EB0F5403FE4
:1052300023D010DC08B3B0F5803F14D0B0F5003FA8
:105240000FD115E02A6ED8F8001021F4E041114387
:10525000C8F80010E5E7B0F5802F0ED0B0F5A02F0C
:105260000BD001240AE00198012103F017FA03E0B2
:105270000098012103F0A2FA044694B1264628883A
:10528000C04340042AD4D5F8B000B0F1405F23D029
:1052900010DC08B3B0F1805F14D0B0F1005F0FD123
:1052A00015E06A6ED8F8001021F4E0211143C8F827
:1052B0000010E4E7B0F1804F0ED0B0F1A04F0BD05A
:1052C00001240AE00198012103F0E8F903E00098C5
:1052D000012103F073FA044674B126462888C043BE
:1052E00000041FD4286FD8B1B0F1805F0ED0B0F1A8
:1052F000005F10D0012414E0D5F8B020D9F80010D8
:1053000021F0E0411143C9F80010E7E7386840F4A4
:105310000030386004E00198012103F0BFF9044631
:1053200074B126462868C043C0011ED4A86CD0B111
:1053300001280ED0022811D0032814D0012413E034
:105340002A6FD8F8001021F040511143C8F800101E
:10535000E8E7386840F40030386004E00198022142
:1053600003F09CF90446ACB126462868DFF81CB06F
:10537000C043ABF11C0B400252D40548016841F414
:1053800080710160FFF762F9824611E02C440258F7
:1053900000480258FA48AA6C016821F00301114341
:1053A0000160E2E7FFF752F9A0EB0A00642835D864
:1053B000F4480068C005F5D58CBBDFF8C4A3B5F888
:1053C000B4100AF1240ADAF8000001F4407100F484
:1053D0004070884211D0DAF80010DAF8002021F489
:1053E000407142F48032CAF80020DAF8002022F43A
:1053F0008032CAF80020CAF80010D5F8B400B0F521
:10540000807F1AD1FFF722F9029012E0FFF71EF910
:105410000299411A41F2883081420AD90324264672
:105420002878DFF85CA3C0430AF1080AC00721D03E
:105430003CE0DAF800008007E8D5D5F8B410C1F3F5
:105440000120032858460DD0016821F47C510160E9
:10545000B5F8B420DAF80010C2F30B021143CAF811
:105460000010DDE7C84A036802EA111223F47C51F8
:105470001143ECE7E86F182816D005DCA0B1082826
:1054800008D0102804D10AE020280DD028280BD0FD
:1054900001240AE00198012103F000F903E00098DB
:1054A000012103F08BF9044664B126462878C043F5
:1054B00080071ED4A86F062819D2DFE800F0160C6A
:1054C00011161616EA6FDAF8001021F038011143B0
:1054D000CAF80010EAE70198012103F0DFF803E0C1
:1054E0000098012103F06AF904467CB100E0012430
:1054F00026462878C04340071FD4D5F894000628D4
:1055000019D2DFE800F0160C11161616AA6FDAF899
:10551000001021F007011143CAF80010E9E70198D3
:10552000012103F0BBF803E00098012103F046F9E4
:105530000446A4B100E0012426462878C043800632
:105540002BD4D5F89000B0F1405F24D011DC10B31B
:10555000B0F1805F15D0B0F1005F10D116E0D5F842
:105560009420D9F8001021F007011143C9F8001068
:10557000E3E7B0F1804F0ED0B0F1A04F0BD0012483
:105580000AE00198002103F089F803E00098022165
:1055900003F014F9044694B126462878C043400627
:1055A0002BD4D5F89C00B0F5406F24D011DC10B39B
:1055B000B0F5806F15D0B0F5006F10D116E0D5F8BA
:1055C0009020DAF8001021F0E0411143CAF80010F1
:1055D000E3E7B0F5805F0ED0B0F5A05F0BD00124FB
:1055E0000AE00198002103F059F803E00098022135
:1055F00003F0E4F8044694B126462878C043000638
:105600002BD4D5F8A000B0F5C04F24D011DC10B3D6
:10561000B0F5005F15D0B0F5804F10D116E0D5F889
:105620009C20D9F8001021F4E0511143C9F8001072
:10563000E3E7B0F5004F0ED0B0F5204F0BD00124BA
:105640000AE00198002103F029F803E00098022104
:1056500003F0B4F8044654B126462878C043000746
:105660001ED4D5F88400B0F5805F0AD00FE0D5F8DD
:10567000A020D9F8001021F460411143C9F80010AE
:10568000EBE70098022103F099F800B10126D5F864
:105690008420DAF8001021F440511143CAF80010B8
:1056A0002878C043C00613D4D5F89800B0F5807FA1
:1056B00005D10098022103F081F800B10126D5F848
:1056C0009820D9F8001021F440711143C9F8001056
:1056D0002868C043000316D4D5F8A40038B1B0F54B
:1056E000803F09D0B0F5003F0BD001240AE00198BB
:1056F000002102F0D3FF03E00098022103F05EF8DE
:1057000004468CB126462868C043400322D4D5F80D
:105710008800B0F5801F11D0B0F5001F13D0B0F590
:10572000401F15D0012414E0D5F8A420D9F80010AA
:1057300021F440311143C9F80010E4E7386840F41F
:105740000030386004E00098012103F037F8044687
:105750005CB126462868C043C00323D4286DA8B195
:10576000B0F5803F17D001241BE0D5F88820DAF887
:10577000001021F440111143CAF80010EAE70000BC
:105780004C44025800480258CFFFFF00386840F4EC
:105790000030386004E00198022102F07FFF0446E7
:1057A000E4B126462868C043800005D40098022151
:1057B00003F004F800B101262868C04380031BD41D
:1057C000D5F88000B0B1B0F5807F0FD0B0F5007F84
:1057D00010D0B0F5407F0DD001240CE05A482A6D5E
:1057E000016821F4803111430160DBE7386840F43F
:1057F00000303860ECB326462868C043C00207D4A6
:105800006A6FD8F8001021F000411143C8F8001069
:105810002868C043C00008D4D5F8B820DBF80010D1
:1058200021F480411143CBF800102868C043800266
:1058300007D4EA6ED8F8001021F080711143C8F83F
:1058400000102868C04340000CD4DBF8001021F49D
:105850000041CBF80010DBF80010D5F8BC20114354
:10586000CBF800102868C04308D437486A6D016837
:1058700000E018E021F04051114301602868C04366
:10588000000208D4D5F88C20DAF8001021F4400189
:105890001143CAF8001028790024C04300F0010029
:1058A00020430AD00FE0D5F88020DAF8001021F468
:1058B00040711143CAF800109EE70198002102F0E0
:1058C000EDFE00B106462879C04300F002002043F7
:1058D00005D10198012102F0E1FE00B106462879C8
:1058E000C04300F00400204305D10198022102F0DA
:1058F000D5FE00B106462879C04300F008002043D9
:1059000005D10098002102F059FF00B10646287920
:10591000C04300F01000204305D10098012102F09F
:105920004DFF00B106462879C04300F02000044333
:1059300004D10098022102F041FF00B916B1012004
:10594000BDE8FE8F0020FBE74C4402582DE9F05FD4
:1059500004000F467ED0DFF83882D8F8000000F04F
:105960000F00B8420CD2D8F8001021F00F013943D3
:10597000C8F80010D8F8000000F00F00B84269D154
:105980002078844D40070AD52069296801F070010C
:10599000884204D9296821F07001014329602078E8
:1059A0007C4E361D00070AD56069316801F0700130
:1059B000884204D9316821F07001014331602078B8
:1059C000C0060AD5A069316801F4E061884204D9B3
:1059D000316821F4E061014331602078DFF8B4B12F
:1059E00080060BF1080B0CD5E1695846DBF8002066
:1059F00002F07002914204D9026822F070020A4358
:105A00000260207880070AD5E068296801F00F015C
:105A1000884204D9296821F00F01014329602078C8
:105A2000C0073ED05B49A2682868183920F470602E
:105A3000104328606068022818D0032819D009682C
:105A4000012819D0490700294ADADFF848A1AAF14C
:105A5000080A00E044E0DAF8002022F007020243DE
:105A6000CAF80020FEF7F2FD814612E009688903BA
:105A7000E9E709688901E6E7C905E4E7FEF7E6FD1D
:105A8000A0EB090141F28830814202D90320BDE830
:105A9000F09F6168DAF8000000F03800B0EBC10F49
:105AA000ECD1207880070AD5E068296801F00F0161
:105AB000884204D2296821F00F0101432960D8F8F7
:105AC0000010404601F00F01B9420BD9016821F0E6
:105AD0000F0139430160006800F00F00B84201D0A7
:105AE0000120D4E7207840070AD52069296801F011
:105AF0007001884204D2296821F0700101432960B5
:105B0000207800070AD56069316801F07001884289
:105B100004D2316821F07001014331602078C00661
:105B20000AD5A069316801F4E061884204D2316885
:105B300021F4E06101433160207880060CD5E169F1
:105B40005846DBF8002002F07002914204D202684D
:105B500022F070020A43026000F09AF80E492A68A7
:105B60002B68C2F3032203F00F038A5CC95C02F0C6
:105B70001F0201F01F01D040084A20FA01F1116014
:105B80000749086007480068BDE8F05FFEF79ABD66
:105B9000002000521844025884C000082C00002441
:105BA000280000242000002470B5144C3F2202601D
:105BB000124A24680832131D114D04F00704446092
:105BC00016681C1D06F470668660166806F00F06DF
:105BD000C660126802F0700202611A6802F0700278
:105BE00042611A6802F4E0628261226802F0700287
:105BF000C261286800F00F00086070BD10440258B0
:105C00000020005230B500F043F80B4A0B490C4B12
:105C100015681468C5F3032204F00F048A5C095D5B
:105C200002F01F0201F01F01D040064A20FA01F1E4
:105C300019601060084630BD1844025884C000083E
:105C40002C0000242800002400B5FFF7DBFF0549E5
:105C50000968054AC1F30211515C01F01F01C840F7
:105C600000BD00001C44025884C0000800B5FFF7C6
:105C7000C9FF05490968054AC1F30221515C01F0D9
:105C80001F01C84000BD00001C44025884C0000829
:105C9000454970B545480968434B103B11F038023F
:105CA00008D00111082A03D0102A0BD0182A0BD0D3
:105CB000084670BD19688906FBD51968C1F3C10192
:105CC000C84070BD3A4870BD3749374D18310C1D7A
:105CD00024350A68096826682D6802F0030406F076
:105CE0000102C1F30511C5F3CC0515FB02F200EE6C
:105CF000102AB8EE400AE9B32F4ADFED2E0AB7EEBC
:105D0000001A6CB1DFED2D1A012C01D0022C43D00A
:105D100002EE101A1068F8EE422A81EEA22A1EE066
:105D20001C68A40611D51B6801EE901A1168C3F314
:105D3000C103F8EE612AD84001EE900AC1F30800D1
:105D4000F8EE611A81EEA22A0BE001EE901ADFED67
:105D50001C2A00BFF8EE611A106882EEA12AC0F377
:105D6000080001EE900AF8EE611A40EE201A31EEBA
:105D7000810A00E015E022EE000A1068C0F3462018
:105D8000401C00EE900AF8EE600A80EE201ABCEE8D
:105D9000C10A10EE100A70BD01EE901ADFED092A5B
:105DA000D8E7002070BD0000104402580090D003D6
:105DB00040787D0100000039304402580024744AC4
:105DC0000024744C20BCBE4B2DE9F05F04007DD054
:105DD000FF4F2078FE4D1837DFF8F493103DC007D1
:105DE00048D0D9F80000396800F03800102815D0E4
:105DF000182803D101F0030002280FD06068B0F525
:105E0000803F12D010B1B0F5A02F18D0286820F430
:105E100080302860286820F4802009E0286880030A
:105E200028D560680028D2D024E0286840F480306B
:105E30002860606888B1FEF709FC064609E028681A
:105E400040F480202860F0E7FEF700FC801B642807
:105E50006FD828688003F7D50CE0FEF7F7FB0646FD
:105E600005E000BFFEF7F2FB801B6428F0D828682D
:105E70008003F7D4207841F20308D54E0C3E80070A
:105E800069D5D9F80000396810F038000ED018280C
:105E900001D188070AD0E06890B3296821F0190180
:105EA00001432960FEF7D2FB824631E028684007B3
:105EB00002D5E06800288AD0E168286820F019003F
:105EC00008432860FEF7C2FB824607E0DFE000BF20
:105ED000FEF7BCFBA0EB0A000228B9D828684007EF
:105EE000F6D500BFFEF7ACFB40451BD82069402823
:105EF00012D0316821F47C3141EA003030602AE070
:105F000018E000BFFEF7A2FBA0EB0A0002289FD812
:105F100028684007F6D5E5E7306820F47C3040F487
:105F20000030EBE7207C316821F0FE4141EA00605F
:105F3000E4E70DE1286820F001002860FEF786FB09
:105F4000824605E0FEF782FBA0EB0A0002288DD80E
:105F500028684007F6D42078C0065DD5D9F800003F
:105F6000DFF86CB2396800F03800ABF1040B082898
:105F700010D0182803D101F0030001280AD0E069ED
:105F80000028286838D040F080002860FEF75EFBCB
:105F9000824623E02868C00523D5E069802876D1B1
:105FA0001FE0206A202821D0316821F0F84141EA21
:105FB0008060306030E000BF94F82010DBF80020F3
:105FC00022F07C5242EA0161CBF8001024E000BFCD
:105FD000FEF73CFBA0EB0A00022898D82868C00511
:105FE000F6D5FEF72DFB4045E6D8DAE7306820F01D
:105FF000F84040F08040DCE720F080002860FEF7A9
:1060000025FB064605E000BFFEF720FB801B0228AB
:106010009DD82868C005F7D42078000729D56C489A
:106020006169643000298046016811D041F00101A6
:106030000160FEF70BFB064605E000BFFEF706FB1E
:10604000801B0228C9D8D8F800008007F6D510E0D8
:1060500021F001010160FEF7F9FA064605E000BFF4
:10606000FEF7F4FA801B022872D8D8F800008007E7
:10607000F6D42078800623D5A0690028286810D09F
:1060800040F480502860FEF7E1FA064605E036E16C
:10609000FEF7DCFA801B02285AD828688004F7D55E
:1060A0000EE020F480502860FEF7D0FA064604E0A7
:1060B000FEF7CCFA801B02284AD828688004F7D45F
:1060C000207840074FD5DFF80C81D8F8001041F454
:1060D0008071C8F80010FEF7B9FA064605E000BF67
:1060E000FEF7B4FA801B642832D8D8F80000C00547
:1060F000F6D5374EA068603601280AD008B10528C9
:1061000013D0306820F001003060306820F00400C7
:1061100002E0306840F001003060A06841F2883A47
:1061200090B1FEF793FA80460AE0306840F0040030
:106130003060EEE7FEF78AFAA0EB0801514507D878
:1061400030688007F6D50EE0FEF780FA804607E05B
:1061500084E000BFFEF77AFAA0EB080151457DD834
:1061600030688007F6D4606AB0B3DFF86480D9F88D
:10617000001008F120084FF6F87B08F10409C1F37C
:10618000C2010329A8F1040A69D00228286820F076
:106190008070286003D0FEF759FA044684E0FEF7C9
:1061A00055FA064605E000BFFEF750FA801B0228AC
:1061B00077D828688001F7D4E26A40F2F331386872
:1061C00054F8283F884340EA02101843386004E03E
:1061D0001044025800480258B5E0217B434622890A
:1061E0004FF4FE0C208A4FF0FE474902267D521ED6
:1061F000401EA1F50071C2F308088AB2761E0CEAAF
:10620000004042EA08020243504607EA06610A4398
:106210001A60DAF8002022F00102CAF80020D9F84A
:106220000020266A22EA0B0242EAC602C9F80020D0
:10623000DAF80010A26921F00C011143CAF800102D
:106240000168E26921F0020111430160016841F433
:1062500080310160016841F4003101E021E027E074
:106260000160016841F480210160016841F0010191
:106270000160286840F080702860FEF7E7F9044666
:1062800005E000BFFEF7E2F9001B022809D82868E4
:106290008001F7D557E000BFFEF7D8F9001B0228B0
:1062A00002D90320BDE8F09F28688001F4D44AE0B9
:1062B00039680128D8F8000021D0A26A01F0030350
:1062C00093421CD1E26AC1F305118A4217D1216BB6
:1062D000C0F30802491E8A4211D1616BC0F3462205
:1062E000491E91420BD1A16BC0F30642491E914257
:1062F00005D1E16BC0F30660491E814201D0012047
:10630000D0E7A16C4E46D9F80000C0F3CC00814222
:1063100019D0DAF80000554620F00100CAF8000054
:10632000FEF794F94FEA0007FEF790F9B842FBD068
:10633000A26C306820EA0B0040EAC2003060286896
:1063400040F0010028600020ACE7704770477047BC
:106350002DE9F04390F83C20012A42D0012280F838
:106360003C2051F80C4BDFF880804FF0000991E899
:10637000680051E9022723F44073B1F80CC03B4395
:10638000CF6923F480631343026823F4006323433B
:1063900023F4805343EA050323F4005343EA06033E
:1063A00023F4804343EA07030C3923F47023424566
:1063B00043EA0C4302D00D4CA2420CD18D8C23F445
:1063C0007006D1E9073446EA055121F0807119437E
:1063D00021F000732343536480F83C900020BDE813
:1063E000F0830220FBE700000000014000040140B0
:1063F000F0B590F83C20012A3BD01F4E012480F8D4
:106400003C40022280F83D2002681C4D5368B24295
:10641000D2F808C001D0AA4203D14F6823F4700318
:106420003B430F6823F070031F4357600268B2427A
:1064300013D0B2F1804F10D0114B9A420DD0114BB6
:106440009A420AD0104B9A4207D0AA4205D00F4B6D
:106450009A4202D00E4B9A4204D189682CF08003F4
:1064600019439160002180F83D4080F83C100846B7
:10647000F0BD0220F0BD000000000140000401401A
:106480000004004000080040000C004000180040DC
:106490000040014010B504464FF0020249B1042902
:1064A0000ED0082913D094F84700012816D00120F7
:1064B00010BD94F844000128F9D184F844200FE07D
:1064C00094F845000128F2D184F8452008E094F8BA
:1064D00046000128EBD184F8462001E084F84720EB
:1064E0000422206802F0D3FB20681549426C42F474
:1064F000004242642068884214D0B0F1804F11D02D
:10650000104988420ED0104988420BD00F4988426A
:1065100008D00F49884205D00E49884202D00E4962
:10652000884207D181680D4A1140062906D0B1F58D
:10653000803F03D0016841F001010160002010BDDF
:10654000000001400004004000080040000C004032
:106550000004014000180040004001400700010015
:1065600010B5040003D094F83D0010B107E00120FD
:1065700010BD002084F83C00204600F023F80220E3
:1065800084F83D002068211D02F00EFB012084F8F4
:10659000480084F83E0084F83F0084F8400084F806
:1065A000410084F8420084F8430084F8440084F8F1
:1065B000450084F8460084F8470084F83D00002038
:1065C00010BD000008B500681149884212D1114879
:1065D000016841F02001016000680022022100F002
:1065E000200000903720FEF721F9BDE80840372051
:1065F000FEF70EB90849884209D1064808300168FB
:1066000041F480310160006800F48030009008BDE2
:1066100000140040E84402580040014090F83D104A
:10662000012901D001207047144B0222016880F833
:106630003D20994214D0B1F1804F11D010488142D1
:106640000ED0104881420BD00F48814208D00F482D
:10665000814205D00E48814202D00E48814207D1C6
:1066600088680D4A1040062806D0B0F5803F03D058
:10667000086840F0010008600020704700000140F9
:106680000004004000080040000C004000040140ED
:1066900000180040004001400700010090F83D1044
:1066A000012901D001207047174A022180F83D10CE
:1066B0000168CB6843F00103CB600068904214D0BE
:1066C000B0F1804F11D0114988420ED01049884254
:1066D0000BD01049884208D00F49884205D00F4995
:1066E000884202D00E49884207D181680D4A114084
:1066F000062906D0B1F5803F03D0016841F00101C1
:1067000001600020704700000000014000040040CC
:1067100000080040000C0040000401400018004048
:10672000004001400700010070B5044690F83C00AD
:106730000025012814D03A4B012684F83C60022041
:1067400084F83D0022689068184020F47F409060F3
:10675000086870282FD010DC10F00F0F03D022E053
:106760004FF0020070BD4FEA2012072A1BD2DFE86B
:1067700002F0535353534B394100B0F1101F4BD02B
:1067800009DCB0F5805F0FD0B0F5005F1ED0B0F52A
:10679000801F08D140E0A0F5801120393CD010299D
:1067A0003AD0202938D0012584F83D60002084F8B3
:1067B0003C00284670BD4A682068D1E9021302F007
:1067C00073FA2068816841F0770109E04A6820681F
:1067D000D1E9021302F068FA2068816841F480412F
:1067E0008160E1E7CA684968206802F00BFC206814
:1067F000502106E0CA684968206802F055FC20680C
:10680000602102F05BFACFE7CA684968206802F0AD
:10681000F9FB20684021F4E7226801461046F0E7C2
:1068200088FFCEFF2DE9F04104000D4603D094F817
:106830003D0018B108E00120BDE8F081002084F897
:106840003C00204600F04CF8244A022084F83D0029
:1068500020688168114081602068211D02F0A4F940
:10686000226840F20336AF6940F60C4C2B684FF2B9
:10687000F00EA86891680B439169B14341EA072182
:106880000843D5E9031720EA0C00D5E9076C20EA94
:106890000E00D2F820E03F0140EA062668686D69E4
:1068A000314347EA0C37936023680F4301219F610E
:1068B0002EF0AA0242EA051322681843106284F8F7
:1068C000481084F83E1084F83F1084F8441084F88F
:1068D000451084F83D100020AEE70000F8BFFEFF31
:1068E000704770472DE9F047054690F83C000026B8
:1068F0000C46012810D0012085F83C0072B1042A12
:106900001CD0082A2CD00C2A52D00126002085F851
:106910003C003046BDE8F0870220FBE7E3682868CA
:10692000D4E9001202F080FB2868816921F00C0193
:10693000816128688169A26811430FE0E3682868D3
:10694000D4E9001202F0C2FB2868816921F4406199
:10695000816128688169A26841EA02218161D5E7E5
:1069600028684FF4206CD4E90032217B076AD0F804
:1069700020800CEA0323090727F4206728F4807C91
:10698000C0F820C0D0F81CC03B432CF003071743CD
:1069900027F0F00242EA1161C16103622868C1690F
:1069A00021F00C01C1612868A268C169114328E087
:1069B000D4E9002328684FF42048E1684FF6FF7CB3
:1069C0009946036A076A08EA023223F420431A430D
:1069D0000CEA013127F480570762C36923F440773A
:1069E00047EA092323F470431943C161026228680E
:1069F000C16921F44061C1612868A168C26942EAA5
:106A00000121C16182E710B5040003D094F83D0074
:106A100010B107E0012010BD002084F83C002046A2
:106A200000F022F8022084F83D002068211D02F0C9
:106A3000BBF8012084F8480084F83E0084F83F0049
:106A400084F8400084F8410084F8420084F8430050
:106A500084F8440084F8450084F8460084F8470030
:106A600084F83D00002010BD10B586B00446142106
:106A70006846F9F714FF16492068884226D1154860
:106A8000016841F002010160006800F00200059019
:106A900010480838016841F00201016000680021D7
:106AA000332200F00200059002200092CDE901019E
:106AB000CDE9031008486946FDF7A6FC00221D2019
:106AC0001146FDF7B3FE1D20FDF7A2FE06B010BD76
:106AD00000040040E8440258000402582DE9F04147
:106AE000044600680027C6680569A90713D5B107E1
:106AF00011D5FA1E02610121217720688069800783
:106B0000204602D0FFF7EDFE04E000F0F9F8204641
:106B100000F0DAF92777680716D5700714D52268D0
:106B200002206FF00401116120772068806910F461
:106B3000407F204602D0FFF7D4FE04E000F0E0F8EA
:106B4000204600F0C1F92777280715D5300713D55F
:106B5000226804206FF00801116120772068C06965
:106B60008007204602D0FFF7BCFE04E000F0C8F822
:106B7000204600F0A9F92777E80616D5F00614D5C7
:106B8000226808206FF01001116120772068C06929
:106B900010F4407F204602D0FFF7A3FE04E000F08F
:106BA000AFF8204600F090F92777E80708D0F00703
:106BB00006D021686FF001000861204600F00EFA4F
:106BC000280601D4A80408D5300606D521686FF43C
:106BD000025008612046FFF7B9FBE80508D53006EA
:106BE00006D521686FF4807008612046FFF7ADFB81
:106BF000680608D5700606D521686FF04000086168
:106C0000204600F031FAA8060AD5B00608D521685A
:106C10006FF0200008612046BDE8F041FFF797BB08
:106C2000BDE8F08170B586B0044614216846F9F7D6
:106C300036FE2C4A4FF00205216800242A48914272
:106C400012D1016841F0100101600068012100F0DB
:106C5000100005904FF47C500090CDE90154CDE92F
:106C600003412248694638E0214A914237D1016800
:106C700041F001010160016801F001010591016825
:106C800041F002010160016801F002010591016813
:106C900041F00401016000680326694600F0040029
:106CA000059080200090CDE901541248CDE90346BB
:106CB000FDF7AAFBB0030090CDE901540E486946E8
:106CC000CDE90346FDF7A0FB4FF4E0700090CDE95D
:106CD00001540A486946CDE90346FDF795FB06B025
:106CE00070BD000000000140E0440258001002584E
:106CF0000004014000000258000402580008025835
:106D0000704770B5044690F83C0000260D460128F7
:106D10000BD0012084F83C000C2A4AD007DC82B159
:106D2000042A20D0082A06D131E0022070BD102AA2
:106D300053D0142A63D00126002084F83C0030464A
:106D400070BD206801F0C4FF2068816941F008012E
:106D500081612068816921F00401816120682A69CC
:106D60008169114311E0206802F004F8206881690C
:106D700041F4006181612068816921F48061816151
:106D800020682969826942EA01218161D4E720688B
:106D900002F03CF82068C16941F00801C161206837
:106DA000C16921F00401C16120682A69C1691143E8
:106DB00011E0206802F076F82068C16941F40061B2
:106DC000C1612068C16921F48061C16120682969BD
:106DD000C26942EA0121C161AEE7206802F09EF873
:106DE0002068416D41F0080141652068416D21F046
:106DF0000401416520682A69416D114311E0206852
:106E000002F0C6F82068416D41F4006141652068D8
:106E1000416D21F48061416520682969426D42EA33
:106E20000121416588E710B5040003D094F83D00C6
:106E300010B107E0012010BD002084F83C0020467E
:106E400000F022F8022084F83D002068211D01F0A6
:106E5000ABFE012084F8480084F83E0084F83F002F
:106E600084F8400084F8410084F8420084F843002C
:106E700084F8440084F8450084F8460084F847000C
:106E800084F83D00002010BD08B50C4A01680C488C
:106E9000914207D1016841F001010160006800F0F2
:106EA000010009E0074A914207D1016841F002015F
:106EB0000160006800F00200009008BD0000014081
:106EC000F0440258000401407047000030B5044609
:106ED0004FF0020269B1042912D0082917D00C29F9
:106EE0001CD0102921D094F84300012824D001207F
:106EF00030BD94F83E000128F9D184F83E201DE011
:106F000094F83F000128F2D184F83F2016E094F86D
:106F100040000128EBD184F840200FE094F84100B4
:106F20000128E4D184F8412008E094F842000128C7
:106F3000DDD184F8422001E084F84320012220685A
:106F400001F098FE1B4B20681B491C4A984209D04F
:106F5000884207D0904205D0194DA84202D0194D61
:106F6000A84203D1456C45F4004545642068984229
:106F700012D0B0F1804F0FD0134B98420CD0134B6E
:106F8000984209D0124B984206D0884204D0114949
:106F9000884201D0904207D181680F4A11400629EA
:106FA00006D0B1F5803F03D0016841F001010160D6
:106FB000002030BD000001400004014000400140BD
:106FC0000044014000480140000400400008004027
:106FD000000C0040001800400700010070B51C497B
:106FE00004460068884201D1FDF736FB1948844207
:106FF0002DD1194802F0FCFB17489FED180A02F04A
:10700000F5FC174C144D5435207810B101F02CFAD2
:1070100001E095F8CC006088401C80B260800228B6
:1070200015D310480021D5ED2C0A90EC031A0A481C
:1070300090ED0A0A71EE212A6180D5ED303A95ED86
:10704000243ABDE8704072EE822A03F06FB970BD39
:107050000010004048040024D40000246F12833A3A
:107060000400002418000230704730B590F88410F6
:10707000012918D0012280F884202421C0F888102A
:107080000022202401680B680D6823F0005325F0CE
:1070900001050D60426601680B60C0F8884080F809
:1070A0008420104630BD022030BD10B50446D0F813
:1070B0008C00202801D0022010BD61B15AB10123FB
:1070C000E36600202067204603F04EF80028F3D145
:1070D000E16E012901D0012010BD2268102111624A
:1070E000226852E8001F41F0100142E80013002B13
:1070F000F6D110BD0068034A904202D1024802F066
:10710000E9BA704700440040D4000024704770B5CD
:10711000044690F8840001281DD0012284F88420C0
:107120002420C4F8880020680568026822F0010263
:1071300002602068826822F060620A438260204612
:1071400002F07AFC2268202100201560C4F8881023
:1071500084F8840070BD022070BD70B5044690F8BC
:10716000840001281DD0012284F884202420C4F842
:10717000880020680568026822F001020260206829
:10718000826822F060420A438260204602F054FC8A
:107190002268202100201560C4F8881084F884003B
:1071A00070BD022070BD70477047000070B5044686
:1071B000216851E8000F20F4907041E80002002A95
:1071C000F6D1244A2068083050E8001F114040E8FA
:1071D0000013002BF6D1E06E012808D1216851E898
:1071E000000F20F0100041E80002002AF6D12068CC
:1071F00000258068400618D52068083050E8001F38
:1072000021F0400140E80012002AF5D1D4F88000B6
:1072100058B10565D4F88000FBF738FF28B1D4F8E1
:107220008000FCF725FA20280FD00F20A4F85E502C
:107230002268202110622068826942F0080282617F
:10724000C4F88C10E566002070BD1020C4F89000D2
:10725000032070BDFEFFFFEF70B50446216851E8C2
:10726000000F20F0C00041E80002002AF6D120689B
:10727000083050E8001F21F4000140E80012002A05
:10728000F5D1206800258068000615D520680830F3
:1072900050E8001F21F0800140E80012002AF5D1DB
:1072A000E06F48B10565E06FFBF7F0FE20B1E06FDD
:1072B000FCF7DEF9202806D0606EA4F85650B0F135
:1072C000005F05D009E01020C4F89000032070BDD5
:1072D0002068816941F0100181612020C4F8880094
:1072E000002070BD704700002DE9F04107680025BF
:1072F000044640F60F030226F8693968BA68184256
:107300000AD183067ED501F0200302F0805C53EAA7
:107310000C0377D0616F7EE1D44BDFF854C3134088
:1073200001EA0C0C53EA0C0C6CD05FEAC07C0CD068
:107330005FEAC15C09D54FF0010CC7F820C0D4F852
:10734000907047F00107C4F89070870709D5D707F8
:1073500007D027683E62D4F8906046F00406C4F86F
:10736000906046070AD5D60708D0276804263E62F3
:10737000D4F8906046F00206C4F8906006070CD579
:1073800001F020061E4308D0266808233362D4F893
:10739000903043F00803C4F8903003050BD54B013F
:1073A00009D526684FF400633362D4F8903043F077
:1073B0002003C4F89030D4F89030002B3DD08006E4
:1073C00009D501F0200002F08051084303D0616F1D
:1073D00009B1204688472168D4F890008968490699
:1073E00002D410F0280F2AD0204602F0A5FC206815
:1073F000806840061ED52068083050E8001F21F044
:10740000400100E021E040E80012002AF3D1D4F866
:10741000800078B197490165D4F88000FBF7E6FF5A
:1074200000280AD0D4F88000016D00E02046BDE8B5
:10743000F04108472046FFF755FFBDE8F0812046A0
:10744000FFF750FFC4F89050F7E7D4F86CC0202342
:10745000BCF1010F7ED15FEAC06C7BD55FEAC16CE5
:1074600078D51020386220688068400673D5D4F83B
:10747000802081491068884234D07F491831884281
:1074800030D07D49303188422CD07B494831884208
:1074900028D079496031884224D0774978318842B0
:1074A00020D07549903188421CD07349A831884258
:1074B00018D07249884215D070491831884211D0CD
:1074C0006E49303188420DD06C494831884209D02C
:1074D0006A496031884205D068497831884201D0D4
:1074E0006649903140684FF480770004000C40D02A
:1074F000B4F85C1081423CD9A4F85E00D069B8426F
:107500002FD0216851E8000F20F4807041E800027C
:10751000002AF6D12068083050E8001F21F0010150
:1075200040E80012002AF5D12068083050E8001F1A
:1075300021F0400140E80012002AF5D1C4F88C3057
:10754000E566206850E8001F21F0100140E80012B5
:10755000002A01E04AE019E0F3D1D4F88000FBF7FB
:1075600095FD2667B4F85C00B4F85E10401A81B24D
:1075700008E0B4F85C1081427FF466AFD069B8428D
:10758000FAD126672046FFF7B5FD56E7B4F85C0050
:10759000B4F85E10B4F85E20401A81B2002AF4D02C
:1075A0000029F2D0226852E8000F20F4907042E8DF
:1075B0000007002FF6D1324F206800F1080050E894
:1075C000002F02EA070240E8002CBCF1000FF3D1C3
:1075D000C4F88C30E5666567226852E8000F20F039
:1075E000100042E80003002BF6D1CAE7C60209D515
:1075F000560207D54FF4801038622046BDE8F041AE
:10760000FFF7D2BD06060AD501F0800602F400029B
:10761000164304D0A16F00297FF408AF0DE742069E
:1076200011D54A060FD52046016851E8002F22F0F7
:10763000400241E80024002CF6D1C0F8883085676C
:1076400000F084FAF9E6020206D54A0004D5204685
:10765000BDE8F041FFF7A7BDC00196D5002994DA37
:107660002046BDE8F041FFF751BD000001000010C9
:1076700020010004EF9B00081000024010040240AB
:10768000FEFFFFEF10B5040003D0D4F8880010B15E
:1076900007E0012010BD002084F88400204600F09F
:1076A00027F82420C4F888002068016821F001012F
:1076B0000160A06A10B1204602F0E0F9204602F015
:1076C0007DFB0128E6D02068416821F490414160AB
:1076D0002068816821F02A0181602068016841F0FA
:1076E000010101602046BDE8104002F02BBA000005
:1076F0002DE9F04FBBB00646142130A8F9F7CFF8BA
:1077000000246846C0213594369437943894F9F7AC
:10771000C6F8754F4FF4806974494FF0020830681D
:10772000083F714D4FF0060A88424FF0400B61D17F
:1077300000201E940221CDE900106846FDF730FCC0
:1077400008B1FAF700F8286840F40020286028689B
:1077500000F400203990386840F001003860386843
:107760004FF4C052309230A900F001003990CDE9B9
:1077700031845F48CDE9334AFCF746FEDFF8748177
:107780003F235D4A4F4640464FF4807988E81C000D
:10779000C0E90347C8F81440C0E90649C8F82040CA
:1077A000C8F82440FCF7DAFA08B1F9F7CCFF514DDC
:1077B0005946514A7835C6F880803032C8F838606A
:1077C0004C48E5E8022B783085E89200EC60C5E98A
:1077D0000449AC61EC61083DFCF7C0FA08B1F9F767
:1077E000B2FFF56700220621AE633420FDF71EF8D4
:1077F000342073E04149884272D100201E94022156
:10780000CDE900106846FDF7CBFB08B1F9F79BFF07
:10781000286840F400302860286800F4003039906F
:10782000386840F0080038603868602107223091DD
:1078300000F008003990CDE93184314830A9CDE914
:107840003342FCF7E1FD2B4D2B212B484F46F03501
:10785000603085E81300C5E903496C612846AC61D6
:10786000EC612C626C62FCF779FA08B1F9F76BFFF6
:10787000CDE935A401208DF8DC408DF8DD0035A977
:1078800038901C48F030FBF763FB08B1F9F75BFF59
:10789000DFF870802C23C6F880504046AE63164A4D
:1078A000C0E90347C8F814407832C8F81840C8F84F
:1078B0001C40C8F8204088E80C08C8F82440FCF7B1
:1078C0004DFA08B1F9F73FFFC6F87C800022052188
:1078D000C8F838602620FCF7A9FF2620FCF798FF9F
:1078E0003BB0BDE8F08F0000E8440258004C004077
:1078F00000000258540600241000024000440040DA
:10790000000C0258BC0700242DE9F84F0446D0F8BB
:107910008C009B4616460D46202802D00220BDE86A
:10792000F88FC5B1BEB10027C4F890702220C4F80A
:107930008C00E7662034FCF789FE824654F8180C68
:10794000A6874FF48053E687FF21203C984207D159
:10795000226912B119E00120E1E740F2FF1114E0C1
:107960004FF07F0278B1B0F1805F11D0A4F8607061
:107970009842B4F860704FF0200801D1206970B1CE
:107980002E4600250CE0266936B9A4F86010EFE712
:10799000216909B13F21F8E7A4F86020E8E7002653
:1079A00007F0FF09B4F85E00F0B100225346202131
:1079B0002046CDF800B002F02BFC18B1C4F88C8042
:1079C0000320ACE72068406A56B100EA090006F8D7
:1079D000010B00BFB4F85E00401EA4F85E00E1E7B2
:1079E000384025F8020BF5E7C4F88C80002096E7B4
:1079F00000680349884202D1024801F0E3BD7047A4
:107A000000440040D400002470472DE9F8430446A8
:107A1000D0F88800984616460D46202802D002204D
:107A2000BDE8F883A5B19EB10021C4F890102120D3
:107A3000C4F888001834FCF709FE814654F8100C8D
:107A4000A687E6872027183CB0F5805F02D003E0C8
:107A50000120E5E7206910B12E46002510E0002640
:107A60000EE08021204602F0D3FBC0B9DEB116F84B
:107A7000010B21688862B4F85600401EA4F8560035
:107A8000B4F856004B464FF00002CDF800800028B5
:107A9000E7D14FF04001204602F0BAFB48B1C4F8EC
:107AA00088700320BCE735F8020B2168C0F308009A
:107AB000E0E7C4F888700020B2E7000070B5044623
:107AC000D0F88800202801D0022070BD39B332B32D
:107AD000E06F002321652125A4F85420A4F8562046
:107AE000C4F89030C4F88850D8B11549C163E16F2B
:107AF00014480864E16F1448C864E06F03651346D6
:107B00002068E56F00F12802216D2846FCF708FB8C
:107B100038B11021C4F890102020C4F8880001204A
:107B200070BD2168402008622068083050E8001FBE
:107B300041F0800140E80012002AF5D1002070BD1C
:107B4000EF9C00082F9D0008FF9B000810B5094915
:107B500004460068884202D1204602F0EFFB064945
:107B60002068884204D1BDE81040044801F03EBEC0
:107B700010BD0000004C004000440040D400002430
:107B800070470000A6B019490A1D43071848096844
:107B90000091116801910068029002D5EFF309800D
:107BA00001E0EFF308804169039180690DF1040C55
:107BB00024909DE80F0000938CE807000D4A802177
:107BC000249B04A8F8F7B8FC0B4904AC0A4B0C3909
:107BD000002205E00D682D06FCD5A55C1D60521C39
:107BE0008242F7DB0A685206FCD5F1E728ED00E097
:107BF00038ED00E0DCC00008284C00407CB5DFED2B
:107C0000110A0D46044601A8694620EE200AF9F73C
:107C100005F894EC020A9DED001A20EE010A9DED94
:107C2000011A00EEC10A85ED000A9DED011A94ECDF
:107C3000020A20EE010A9DED001A00EE810A85ED90
:107C4000010A7CBDE12E654200EB8100006E00F070
:107C5000F84070478068C0F3C00070478068C0F388
:107C6000C00070478068C0F3800070478068C0F330
:107C700080007047C06810F4406F01D0002070474A
:107C80000120704700EB810002F0F841026E1943B9
:107C900002F000420A430266704700002DE9F041FD
:107CA0009AB000241C210FA8169417941894F8F782
:107CB000F6FD3C216846F8F7F2FD43480322414EA9
:107CC000042513044FF00108414606602E02C0E966
:107CD0000134C0E9038504754FF4A46380F815806E
:107CE00082610477C0E90B244463C0E9093680F857
:107CF0003840C163FAF75CFF08B1F9F724FD324858
:107D000016A91694FAF766FB08B1F9F71CFD2E4880
:107D1000F9F7ECFD06212D4E40F2FF772A48CDE918
:107D20000F61CDE91354CDE911870FA98DF85540A6
:107D3000FAF7E4FB08B1F9F706FD0FAA24480C2175
:107D400082E8130020480FA9FAF7D8FB08B1F9F729
:107D5000FAFC12211F48CDE90F011B480FA9FAF7C1
:107D6000CDFB08B1F9F7EFFC1B49092205234FF0C1
:107D7000020C8DE88E00CDE9045480208DF824405B
:107D80008DF81C4069468DF825400A900B900E48EE
:107D9000CDF820C08DF826408DF83040F9F7C0FDB1
:107DA00008B1F9F7D0FC40F20F106946CDE9006048
:107DB0000548F9F7B5FD002801D0F9F7C4FC1AB061
:107DC000BDE8F08100200240F80100240008302EB8
:107DD0001000C0100000844B0004002A70B590B061
:107DE0003C216846F8F75BFD2C4801252A4904260A
:107DF00008234FF4403280E86E0000240475447577
:107E000085610477C4620463446380F83840C563C5
:107E1000FAF7CEFE08B1F9F796FC2048F9F766FDAF
:107E20001F48092140F2FF728DE82300059480214C
:107E3000CDE9032684208DF82440CDE90A018DF890
:107E40001C4003238DF825406946144808938DF89B
:107E500026408DF83040F9F763FD08B1F9F773FC5F
:107E600040F20F110F48CDE900010C486946F9F7BF
:107E700057FD08B1F9F767FC40F215210A48CDE932
:107E8000000106486946F9F74BFD002801D0F9F7D3
:107E90005AFC10B070BD0000002102405C020024BA
:107EA0000800900C0080F03E00018021214808B5B8
:107EB000016841F00101016000680022062100F024
:107EC000010000900B20FCF7B1FC0B20FCF7A0FC9C
:107ED000002205210C20FCF7A9FC0C20FCF798FCE3
:107EE000002205210D20FCF7A1FC0D20FCF790FCE1
:107EF000002201210E20FCF799FC0E20FCF788FCE3
:107F0000002205210F20FCF791FC0F20FCF780FCDC
:107F1000002205211020FCF789FC1020FCF778FCDA
:107F2000002205216620FCF781FCBDE808406620A0
:107F3000FCF76EBCD8440258044A0021044810B52E
:107F400002F0EAFB0349086010BD000030C00008E1
:107F5000C1890008140000242DE9F04186B01421E5
:107F60006846F8F79CFC4048016841F01001016048
:107F7000016801F010010591016841F08001016084
:107F8000016801F080010591016841F00401016080
:107F9000016801F004010591016841F001010160EF
:107FA000016801F001010591016841F002010160E1
:107FB000016801F002010591016841F008010160CA
:107FC00000680022DFF8A4801C2100F00800059062
:107FD0004046FCF72FFB0126254F102069464FF441
:107FE00088158DE861003846FCF70EFA00246946D2
:107FF00063200294CDE900043846FCF705FA1C2002
:108000000090CDE90164694640460394FCF7FCF911
:1080100080206946CDE9000440460294FCF7F4F95B
:10802000144E0820CDE90004694630460294FCF75E
:10803000EBF940206946CDE9000530460294FCF793
:10804000E3F9002203210A20FCF7F0FB0A20FCF7E9
:10805000DFFB002203211720FCF7E8FB1720FCF7C9
:10806000D7FB06B0BDE8F081E0440258000C02588E
:10807000001002580004025810B588B017480024B8
:108080004FF6FF72144900940194029403940494EF
:1080900005940694C0E90014C0E9024204614461F9
:1080A0008461FEF75DFA08B1F9F74DFB4FF480509B
:1080B00000900A486946FEF737FB08B1F9F743FB21
:1080C000064804A904940694FEF792F9002801D00A
:1080D000F9F739FB08B010BD00400140E00400246E
:1080E00070B596B0002468461C2112941394149421
:1080F000F8F7D5FB2C2107A8F8F7D1FB354801216B
:10810000334A202300F1040C40F6B7358026026084
:108110008CE82A008661C0E90441FEF784FE08B1BC
:10812000F9F711FB4FF4E000149412A9CDE91240C5
:108130002848FEF75DF908B1F9F705FB60206946AC
:10814000CDE900042348002202940394049405948A
:108150000694FEF7D6FD08B1F9F7F5FA1D4804229A
:108160006946FEF7CEFD08B1F9F7EDFA1948082285
:108170006946FEF7C6FD08B1F9F7E5FA40F6AE30FC
:10818000019014480C226946FEF7BBFD08B1F9F7CF
:10819000DAFA4FF4006007906422411083008503EF
:1081A000C000CDE90814CDE90A24CDE90C34CDE9AD
:1081B0001040084807A9CDE90E45FEF7C9F808B1F7
:1081C000F9F7C1FA0348FEF72DFD16B070BD0000A7
:1081D00000000140B003002430B591B0242107A86D
:1081E000F8F75DFB002425484FF6FF7200940194D8
:1081F0008023214902940394049405940694C0E9D1
:108200000014C0E9024204618361FEF7FCFB08B17F
:10821000F9F799FA07A90125032081E831000A94AA
:108220001648CDE90C450B940E940F94FEF7FAFA1C
:1082300008B1F9F788FA1148694600940294FEF7EC
:10824000D7F808B1F9F77FFACDE903450B480822C2
:1082500003A905940694FEF745FB08B1F9F773FAF4
:1082600006480C2203A9FEF73DFB002801D0F9F7D0
:108270006AFA11B030BD000000040040FC03002485
:108280003EB51048002440F2E7320D4DEF23009434
:108290000194802102948161C0E90242C0E9005347
:1082A000FEF75EF908B1F9F74EFA06486946009400
:1082B0000294FEF79DF8002801D0F9F744FA3EBD7C
:1082C000001400404804002410B596B0002468460D
:1082D0001C21129413941494F8F7E1FA2C2107A8A6
:1082E000F8F7DDFA2A4840F6B7322849C0E9001409
:1082F000C0E90242046144618461FEF794FD08B163
:10830000F9F721FA224812A9129413941494FEF753
:108310006FF808B1F9F717FA60206946CDE9000453
:108320001B48002202940394049405940694FEF7DB
:10833000E8FC08B1F9F707FA154804226946FEF788
:10834000E0FC08B1F9F7FFF9114808226946FEF789
:10835000D8FC08B1F9F7F7F94FF4005007940894E6
:10836000099401030A94CDE90B40CDE90E41084878
:1083700007A90D9410941194FDF7EAFF08B1F9F7DD
:10838000E2F90348FEF74EFC16B010BD00040140B0
:10839000940400241848002110B5164C0C224FF408
:1083A000E1330460C0E90131C160C0E904128161B8
:1083B000C161016241628162FFF764F908B1F9F7B6
:1083C000C2F90D480021FEF7C8FE08B1F9F7BBF964
:1083D00009480021FEF79BFE08B1F9F7B4F90648F9
:1083E000FEF743FE002803D0BDE81040F9F7ABB913
:1083F00010BD0000004C00402C050024184800214E
:1084000010B5164C0C224FF4E1330460C0E9013181
:10841000C160C0E904128161C1610162416281628F
:10842000FFF730F908B1F9F78EF90D480021FEF792
:1084300094FE08B1F9F787F909480021FEF767FEB5
:1084400008B1F9F780F90648FEF70FFE002803D0BF
:10845000BDE81040F9F777B910BD000000440040B6
:10846000C0050024FEE7FEE730B5374A2DED028B4C
:1084700085B01078002862D092ED010ADFED331A42
:1084800092ED021A3249DFED330A01EE210A10EEB5
:10849000100A82ED010A884203DB30EE600A82EDA9
:1084A000010AB5EEC00AF1EE10FA03D230EE200A4E
:1084B00082ED010A294C9FED280A04F19C0184ED0C
:1084C000250A92ED030AA1F108000D4684ED260A63
:1084D00092ED010AFFF792FBB3EE080A69462846BF
:1084E00000F0FCF904F1AC0368461A1F111F00F0FC
:1084F00043FA9FED1B8A94ED290A1A48002120EEC9
:10850000080ABCEEC00A10EE102A00F0ABF894ED99
:108510002A0A1448042120EE080ABCEEC00A10EE14
:10852000102A00F09FF894ED2B0A0E48082120EE47
:10853000080ABCEEC00A10EE102A00F093F805B04D
:10854000BDEC028B30BD0000040000246F12833AA2
:10855000DB0FC940DB0FC9400000000028010024E8
:1085600000703B45B003002400B5D0ED031AD0EDF8
:10857000060A90ED092A71EEC01A90ED001A41EE3C
:10858000820A21EE212AC0ED060A90ED081AB0EE0B
:10859000600AF1EE410A01F069FF90ED073AD0ED73
:1085A000010AD0ED092A31EEC33A90ED021A80EDAE
:1085B000060A20EE800AC3EE220A32EE002A21EEDD
:1085C000200A32EE000A80ED040A90ED051AF1EE61
:1085D000410A01F04BFF80ED040AC0ED071A00BD0F
:1085E000C0ED091A80ED052ADFED042A80EC030AAC
:1085F00022EE220A80ED080A00F002B8CDCC4C3FF2
:108600009FED040A80ED060A80ED070A80ED040A5A
:10861000704700000000000080ED030A7047000072
:108620000F48002110B5FEF751FC0D480021FDF761
:1086300031FF0B480421FEF749FC09480421FDF7EE
:1086400029FF07480821FEF741FC05480821FDF7EE
:1086500021FF03480068416C41F40041416410BDB2
:10866000B003002440F6B7339A4200D91A46006896
:1086700049B1042909D0082909D00C2909D01029A9
:1086800009D0C26570474263704782637047C26316
:108690007047026470478265704700002DE9F0471B
:1086A000454D044689464FF0000A2868C0438007BC
:1086B0000AD0414E283E306820F080603060FBF7E1
:1086C000C5FF0746B04608E00120BDE8F08700BFBF
:1086D000FBF7BCFFC01B022867D8D8F800000001D8
:1086E000F6D4206829684FF4FE0721F47C313E025D
:1086F00041EA00302860207AA389B4F804C040021F
:108700002D4D2D495B1E227CACF1010C1035091D4D
:10871000A0F5007080B2521ECCF3080C07EA0343A8
:1087200040EA0C00184306EA026210432860086819
:10873000626920F0C000104308600A68A06922F056
:10874000200202430A60281D0A6822F010020A6013
:1087500002684FF6F873E4699A4342EAC402026081
:108760000868B9F1000F40F010020A6011D00868E3
:10877000B9F1010F11D040F400100860D8F80000E2
:10878000444640F08060C8F80000FBF75FFF0546F4
:108790000DE0086840F40020EFE740F48010ECE7BB
:1087A000FBF754FF401B022801D903208DE7206806
:1087B0000001F5D5504688E7284402582DE9F047D6
:1087C000454D044689464FF0000A2868C04380079B
:1087D0000AD0414E283E306820F080503060FBF7D0
:1087E00035FF0746B04608E00120BDE8F08700BF2E
:1087F000FBF72CFFC01B022867D8D8F800008000C8
:10880000F6D4208829684FF4FE0721F07C713E02DF
:1088100041EA00502860207AA389B4F804C04002DD
:108820002D4D2D495B1E227CACF1010C1835091D24
:10883000A0F5007080B2521ECCF3080C07EA034387
:1088400040EA0C00184306EA0262104328600868F8
:10885000626920F44060104308600A68A06922F44D
:10886000007202430A60281D0A6822F480720A60BE
:1088700002684FF6F873E4699A4342EAC402026060
:108880000868B9F1000F40F480720A6011D00868DE
:10889000B9F1010F11D040F080700860D8F80000E5
:1088A000444640F08050C8F80000FBF7CFFE054674
:1088B0000DE0086840F48000EFE740F40000ECE7CA
:1088C000FBF7C4FE401B022801D903208DE7206876
:1088D0008000F5D5504688E72844025890ED002ADC
:1088E000FEEE000ADFED232A22EE201A90ED013A77
:1088F000F0EE421AF0EE410A03EE221A43EE620A4B
:10890000B4EEE11AF1EE10FA01DDF0EE411AF4EEE8
:10891000E10AF1EE10FA01DDF0EE601AF0EE422A03
:10892000B4EEE21AF1EE10FA01D2F0EE412AF4EEC2
:10893000E20AF1EE10FA01D2F0EE602AB6EE003A49
:1089400071EEA21A091D61EE831A32EE612A31EE30
:10895000611A70EEE11AC2EE000A81EE002A81EE81
:10896000801A30EE830A72EE030A31EE031A81ECAC
:10897000030A7047D7B35D3FDFED101A00B590EDE5
:10898000010AB7EE001AF0EE610A01F06FFD81ED09
:10899000000A90ED020AB7EE001AF0EE610A01F04B
:1089A00065FD82ED000A90ED030AB7EE001AF0EEC5
:1089B000610A01F05BFD83ED000A00BD00000000CC
:1089C000012001F06DFEFBE74FF0E02010B50069DB
:1089D00003F0A8F8012803D0BDE8104002F0CCBD98
:1089E00010BD000030B59DB04C216846F7F757FF29
:1089F000202113A8F7F753FF0220FBF749FF214876
:108A000000242149026842F44042026002680A6878
:108A100042F001020A60096801F001011B9101683E
:108A20008904FCD502200090402504950121039182
:108A300004220B923C23CDE90904CDE90C300FABA5
:108A40000E900C2183E8130068461294FDF7BCF9E0
:108A500008B172B6FEE708221A95CDE91625D301B2
:108A600013AA3F200321CDE9185382E81300042103
:108A700013A8FCF76BFF002801D072B6FEE71DB00B
:108A800030BD0000184802582C0400583348F0B597
:108A9000334A016841F470010160106800F00F0072
:108AA000072804D2106820F00F00C01D10602D4967
:108AB00000202C4C10340B682B4D43F001030B604D
:108AC00020600B682B400B60136803F00F03072B2B
:108AD00004D9136823F00F03DB1D1360214C234AD4
:108AE0001834234B261D371D20601E4C214D283481
:108AF0003060261D3860371D23603B1D35601C1D0E
:108B00003A60251D2E1D1860331D226028603260DA
:108B100018600A68134B184C22F4802260330A60F4
:108B2000186020686FF30F00B0F1005F03D21349A3
:108B30000120C1F808010B48D4300168C9040BD4E6
:108B4000026843F2D2010E4B42F480520260196077
:108B5000016821F480510160F0BD000088ED00E063
:108B600000200052004402587FEDF6EA8002010125
:108B7000000202020000FF010010005C00800051B2
:108B8000004000520148FDF7A9BF0000FC0300248B
:108B90000148FDF7A3BF0000340800240148FDF799
:108BA0009DBF0000480400242DE9F047294B4FF0F9
:108BB000804A294D02689842284E294F294C09D0F5
:108BC000504507D0A84205D0B04203D0B84201D0EA
:108BD000A04205D1D1F804C022F070024CEA020292
:108BE000DFF884C0DFF884809842DFF884900FD0EB
:108BF00050450DD0A8420BD0B04209D0B84207D0A2
:108C0000A04205D0604503D0404501D0484503D17E
:108C1000CD6822F440722A438E684D6922F08002AA
:108C2000C6620E682A439842866207D0A04205D0E9
:108C3000604503D0404501D0484501D10969016331
:108C40000368012143F00403036041610260BDE851
:108C5000F0870000000001400004004000080040D0
:108C6000000C00400004014000400140004401406D
:108C70000048014010B5046A012301F01F018B4038
:108C80009C4304628A40016A1143016210BD10B521
:108C9000046A042301F00F018B409C4304628A4064
:108CA000016A1143016210BD42EA032283680A434C
:108CB00023F47F410A43826070470000034B8268BF
:108CC0001A400A4342F00701816070478FFFCFFFCF
:108CD0002DE9F04FDFF88480214EDFF88890DFF82F
:108CE00088B0026A036AB042DFF880A022F0020C6A
:108CF0001F4F23F001020262426885698B680C688D
:108D000005EA080525F0030543EA0C0344EA0504D7
:108D100007D0484505D0584503D0504501D0B8424A
:108D200005D1CD6823F008031D4325F00403B042AC
:108D300007D0484505D0584503D0504501D0B8422A
:108D400005D122F44076D1E9055235432A434260E9
:108D50008461496841630362BDE8F08F8FFFFEFFC5
:108D60000000014000040140004001400044014077
:108D700000480140F0B5DFF87CE01F4C1F4D026A4F
:108D8000036AA04222F0200623F010030362426827
:108D90008369D1F808C00F6803EA0E0323F4407E0C
:108DA00046EA0C134EEA072601D0A84206D1CF6846
:108DB00023F0800343EA071323F04003A0420AD0C4
:108DC000A84208D00E4CA04205D00E4CA04202D0C2
:108DD0000D4CA04207D1D1E9054522F4406242EA98
:108DE000840242EA850242608661496881630362C7
:108DF000F0BD0000FF8FFFFE0000014000040140B5
:108E0000004001400044014000480140F0B5DFF857
:108E10007CE01F4D1F4E026A036AA84222F40077CD
:108E200023F4807303624368C269D1F808C002EA80
:108E30000E020C6822F0030E47EA0C2244EA0E04EC
:108E400001D0B04206D1CF6822F4006242EA072284
:108E500022F48062A8420AD0B04208D00E4DA84247
:108E600005D00E4DA84202D00D4DA84207D1D1E940
:108E7000055623F4405343EA051343EA06134360BF
:108E8000C4614968C1630262F0BD00008FFFFEFF4C
:108E90000000014000040140004001400044014046
:108EA00000480140F0B5046A026A22F4805202626E
:108EB0004268C36924F40054DFF848C08E680D6826
:108EC00003EA0C03104F23F4407344EA0634B8421B
:108ED00043EA05230BD00D4DA84208D00C4DA84203
:108EE00005D00C4DA84202D00B4DA84204D14D69CB
:108EF00022F4804242EA85124260C36149680164FB
:108F00000462F0BDFF8FFFFE00000140000401403D
:108F1000004001400044014000480140F0B5164FB8
:108F2000164B026A046A984222F4003524F4803316
:108F300003624268436D0E890C6803EA070344EA42
:108F4000030445EA06430BD00D4DA84208D00D4D51
:108F5000A84205D00C4DA84202D00C4DA84204D125
:108F60004D6922F4803242EA052242604465496834
:108F700081650362F0BD00008FFFFEFF000001402D
:108F8000000401400040014000440140004801400D
:108F9000F0B5164F164B026A046A984224F4801307
:108FA000036222F400144268436D0E890D6803EADF
:108FB000070344EA065443EA05230BD00D4DA842AB
:108FC00008D00D4DA84205D00C4DA84202D00C4D42
:108FD000A84204D14D6922F4802242EA85224260EF
:108FE00043654968C1650462F0BD0000FF8FFFFE64
:108FF00000000140000401400040014000440140E5
:109000000048014010B5036A046A23F00A0324F003
:109010000104046284690B4324F0F00141EA021167
:109020008161036210BD000070B5184C056A066AC4
:10903000A04226F001040462846914D0B0F1804F8C
:1090400011D0134EB0420ED0124EB0420BD0124E81
:10905000B04208D0114EB04205D0114EB04202D0FD
:10906000104EB04203D124F00304144301E044F055
:1090700001041A0724F0F00325F00A0401F00A01A4
:10908000214343EA12628261016270BD0000014027
:109090000004004000080040000C004000040140B3
:1090A000001800400040014010B5036A046A23F034
:1090B000A00324F010040462846943EA011124F43B
:1090C000704343EA02328261016210BD70B54FF60F
:1090D000FF7404EA0333046AA025066A05EA011155
:1090E00026F01006066224F0A0058469294324F4C2
:1090F000407444EA022222F4704213438361016205
:1091000070BD002008B58DF800009DF800003228E1
:1091100004D200BF9DF80000401CF4E708BD000029
:109120002DE9F04117460D4654210446F7F7B7FBE9
:10913000256000269FED3A0A84F83070A67684ED0B
:109140000B0AFFF7DEFF374800221021FBF772FA07
:10915000FFF7D7FF344800F01F020B32066046606D
:1091600006818672BFF34F8F304908602030203A65
:10917000002AFADCBFF34F8FBFF36F8F2A490B220F
:109180002846FDF792FFD5F88000002846D00068F9
:10919000274988423AD026491831884236D0244996
:1091A0003031884232D02249483188422ED020497D
:1091B000603188422AD01E497831884226D01C4925
:1091C0009031884222D01A49A83188421ED01949CC
:1091D00088421BD017491831884217D015493031C1
:1091E000884213D01349483188420FD01149603169
:1091F00088420BD00F497831884207D00D49903111
:10920000884203D00B49A831884203D1016821F07C
:10921000080102E0016821F004010160BDE8F0816D
:1092200000000000000C02582002023070EF00E045
:109230001000024010040240F0B500250446022050
:109240002DED028B87B08DF80000019502950395F6
:1092500004952068FDF7AAFF2068FDF7FDFF8DF853
:10926000145005E000BF9DF81400401C8DF8140058
:109270009DF814003228F5D3704F01221021384692
:10928000FBF7D8F98DF8145005E000BF9DF81400E5
:10929000401C8DF814009DF814003228F5D3206886
:1092A000642301226946FEF7B0FB06468DF8145090
:1092B00005E000BF9DF81400401C8DF814009DF8D7
:1092C00014003228F5D3002238461021FBF7B2F9FA
:1092D0008DF8145005E000BF9DF81400401C8DF877
:1092E00014009DF814003228F5D3002E7ED120689A
:1092F0006423062201A9FEF707FB80BB01A92046D3
:10930000257100F007F994ED070A9FED4D1A9FEDC6
:109310004D8A84ED0F0AB8EEC00AF0EE480A20EE3E
:10932000010A20EE200A84ED090A94F8300001EECB
:10933000100AB8EE411A20EE010A01F01AF801E015
:1093400030EE080AB5EEC00AF1EE10FAF8D33E4945
:1093500010EE100A884203DB30EE480AF8E701E01D
:1093600084ED0A0A394800F01F010B3105604560A1
:1093700005818572BFF34F8F354A10602030203948
:109380000029FADCBFF34F8FBFF36F8F2F490B22F9
:109390002068FDF78AFE2068D0F8800038B30168A5
:1093A0002C4881423DD02B481830814239D0294881
:1093B0003030814235D027484830814231D025486D
:1093C000603081422DD023487830814229D0214815
:1093D0009030814225D01F48A830814221D01E48BC
:1093E00081421ED01C481830814201E022E020E07A
:1093F00017D019483030814213D017484830814285
:109400000FD01548603081420BD01348783081422C
:1094100007D011489030814203D00F48A8308142D4
:1094200003D1086820F0080002E0086820F004007A
:109430000860A57607B0BDEC028BF0BD000C0258A9
:1094400000000037DB0FC940DB0FC94020020230AB
:1094500070EF00E0100002401004024070B50829CF
:10946000044601714ED2DFE801F004060A0E4D3CBD
:109470003E40022300E08A230122062106E09223D7
:109480000122042102E01A2301220B211E486276E8
:1094900021760370FFF735FE1C4D0122102128466E
:1094A000FBF7C8F8FFF72DFE174800F01F01091D54
:1094B000BFF34F8F164A1060203020390029FADCA4
:1094C000BFF34F8FBFF36F8F0F4901222068FEF764
:1094D000F5FA60B1002228461021FBF7ABF8002016
:1094E0000FE0BA23C8E7C223C6E76223C4E7FFF749
:1094F00008FE002228461021FBF79CF8FFF701FE2A
:109500000220A07670BD000000020230000C02585C
:1095100070EF00E010B50279092A14D2DFE802F0FA
:1095200005141E251313133B48000A7882734A78EA
:10953000C2730B794A8863F31F42C2F31002826040
:1095400049790175C26110BD0A7882734A78C27385
:109550004A88828149790175028410BD0A78827334
:109560004A78C2738A78027428E00A7882734A784B
:10957000C2730B794A8863F31F42C2F31002826000
:109580004B790374CB8883814C7A4474897A017552
:10959000C261038410BD0A7882734A78C2730B7962
:1095A0004A8863F31F42C2F310028260497906E0E1
:1095B0000A7882734A7882748A78C274C97801758D
:1095C00010BD00003F4970B501F01F0205460B3287
:1095D0001446BFF34F8F3C4801602031203A002AE7
:1095E000FADCBFF34F8FBFF36F8F287E28B1354968
:1095F0002846FFF78FFF0120A8763248002101603E
:10960000416001818172BFF34F8F2F49143108608F
:109610002030203C002CFADCBFF34F8FBFF36F8F5C
:1096200028490B222868FDF740FD2868D0F8800003
:10963000002846D00068254988423AD0234918318D
:10964000884236D021493031884232D01F494831D2
:1096500088422ED01D49603188422AD01B4978317A
:10966000884226D019499031884222D01749A83122
:1096700088421ED0164988421BD0154918318842AD
:1096800017D013493031884213D0114948318842EC
:109690000FD00F49603188420BD00D497831884294
:1096A00007D00B499031884203D00949A83188423C
:1096B00003D1016821F0080102E0016821F00401F2
:1096C000016070BD200202305CEF00E0100002403B
:1096D00010040240414A70B502F01F0504460B35E4
:1096E0002E46BFF34F8F3E4802602032203D002DB2
:1096F000FADCBFF34F8FBFF36F8F207E00258842C7
:1097000007D830B135492046FFF704FF0120A07685
:1097100000E0A57631480560456005818572BFF39C
:109720004F8F2F49143108602030203E002EFADC84
:10973000BFF34F8FBFF36F8F28490B222068FDF7CF
:10974000B4FC2068D0F88000002846D00068254985
:1097500088423AD023491831884236D021493031E5
:10976000884232D01F49483188422ED01D4960318D
:1097700088422AD01B497831884226D01949903135
:10978000884222D01749A83188421ED01649884203
:109790001BD015491831884217D0134930318842FF
:1097A00013D01149483188420FD00F4960318842A7
:1097B0000BD00D497831884207D00B49903188424F
:1097C00003D00949A831884203D1016821F008017A
:1097D00002E0016821F00401016070BD2002023046
:1097E0005CEF00E0100002401004024070470000EF
:1097F00070B504462DED028B807E0025724E002848
:1098000079D0A07E01287FD0A07E022872D1306856
:10981000401C306005286DD92068FDF7C7FC206822
:10982000FDF71AFD694800221021FAF703FF684886
:1098300000F01F010B310560456005818572BFF3A3
:109840004F8F644A1060203020390029FADCBFF3C2
:109850004F8FBFF36F8F5E490B222068FDF725FC09
:109860002068D0F8800000287DD000685A498842DE
:109870003AD059491831884236D057493031884258
:1098800032D05549483188422ED053496031884200
:109890002AD051497831884226D04F4990318842A8
:1098A00022D04D49A83188421ED04C4988421BD055
:1098B0004A491831884217D048493031884213D07C
:1098C0004649483188420FD04449603188420BD024
:1098D00042497831884207D040499031884203D0CC
:1098E0003E49A831884267D1016821F0080166E04D
:1098F00001E009E05DE0356020460021BDEC028B0F
:10990000BDE87040FFF7AABD3560E26BA26394F832
:10991000480040B1E169606C081AB0F5803F09DD8C
:10992000A0F500300BE0E0690121E063606484F899
:10993000481007E010F5803F01DA00F5003061645F
:109940001044E06394ED070A9FED261A9FED248AE8
:10995000B8EEC00AF0EE480A20EE010A20EE200A16
:1099600084ED090A00E02BE094F8300001EE100AC3
:10997000B8EE411A20EE010A00F0FBFCD4ED0B0A10
:10998000194930EE600A01E030EE480A10EE100A84
:109990008842F9DA02E000BF30EE080AB5EEC00AEC
:1099A000F1EE10FAF8D3606B84ED0A0AA576401C3C
:1099B0006063BDEC028B70BD016821F004010160A1
:1099C000A5763560F5E7000000000024000C025881
:1099D0002002023070EF00E010000240100402404C
:1099E000DB0FC94000000037DB0FC940B5EEC00AED
:1099F000F1EE10FA15D9D0E90F219FED0A1A026491
:109A0000511A00EE901AF8EEE00A60EE811A9FED0E
:109A1000061AC1EE800AC0ED130A20EE810A80ED1D
:109A2000140A704700000037000070420148FDF73B
:109A30005BBC00002C05002430B5416EB9B1016853
:109A40000D4B03F108048A688968C2F34262490F2A
:109A50005D5C615C2D01B5FBF1F1A0F86A10995CC9
:109A6000A25C0901B1FBF2F1A0F8681030BD012140
:109A7000A0F86A10F8E7000074C0000890F82810F9
:109A8000090706D50168836B4A6822F400421A432D
:109A90004A6090F82810C90706D00168C36A4A686E
:109AA00022F400321A434A6090F82810890706D53C
:109AB0000168036B4A6822F480321A434A6090F8C6
:109AC0002810490706D50168436B4A6822F48022B2
:109AD0001A434A6090F82810C90606D50168C36B7E
:109AE0008A6822F480521A438A6090F82810890606
:109AF00006D50168036C8A6822F400521A438A6012
:109B000090F82810490611D50168436C4A6822F480
:109B100080121A434A60416CB1F5801F06D101687A
:109B2000836C4A6822F4C0021A434A6090F82810F5
:109B3000090606D50168C26C486820F4002010436D
:109B4000486070472DE9F84300250446C0F890505E
:109B5000FAF77CFD8046206820266FF07E4700687B
:109B6000000713D50022434631042046009700F039
:109B70004FFB58B1216851E8000F20F0800041E808
:109B80000002002AF6D1C4F8886021E0206800684D
:109B9000400722D5002243464FF48001204600971B
:109BA00000F036FBC8B1206850E8001F21F4907126
:109BB00040E80012002AF6D12068083050E8001F63
:109BC00021F0010140E80012002AF5D1C4F88C60B0
:109BD000032084F88450BDE8F883C4F88860C4F892
:109BE0008C60E5662567002084F88450F3E710B5A3
:109BF000806B0021A0F85E10FDF774FB10BD70B5FE
:109C0000846B00252168D4F88800D4F88C608968BA
:109C1000090606D5212804D1A4F85650204600F0A4
:109C2000B5F820688068400606D5222E04D1A4F835
:109C30005E50204600F080F8D4F8900040F010000C
:109C4000C4F890002046FDF74DFB70BD10B5C1690A
:109C50000022806BB1F5807F2DD0A0F85E200368D4
:109C600053E8001F21F4807143E80014002CF6D162
:109C70000168083151E8003F23F0010341E8003456
:109C8000002CF5D10168083151E8003F23F0400372
:109C900041E80034002CF5D12021C0F88C10C16EB1
:109CA000012908D1016851E8003F23F0100341E881
:109CB0000034002CF6D10267C16E012902D0FDF7F5
:109CC00097FE10BDB0F85C10FDF714FA10BD10B58A
:109CD000806B01210167C16E012902D0FDF794FE5E
:109CE00010BDB0F85C104908FDF704FA10BD10B5BE
:109CF000C169806BB1F5807F16D00021A0F85610A5
:109D00000168083151E8002F22F0800241E8002369
:109D1000002BF5D1026852E8001F41F0400142E8F3
:109D20000013002BF6D110BDFDF710FF10BD10B5CC
:109D3000806BFDF725FF10BD10B5026852E8001FCB
:109D400021F4907142E80013002BF6D10E4B02680B
:109D5000083252E8001F194042E80014002CF6D1E6
:109D6000C16E012908D1026852E8001F21F01001DC
:109D700042E80013002BF6D100212022C0F88C20ED
:109D8000C166416710BD0000FEFFFFEF026852E8A8
:109D9000001F21F0C00142E80013002BF6D101683A
:109DA000083151E8002F22F4000241E80023002B83
:109DB000F5D12021C0F88810704700002DE9F0434C
:109DC00004468068D84E87B0D84B2168D4E9042770
:109DD000D4F81CC010430A68002547EA0C07384332
:109DE000324002430A602068E268416821F4405131
:109DF000114341602268A1699A4201D0206A01435F
:109E00009768DFF82CC3CB4ECB4807EA0C070F430B
:109E100097602168676ACA6A22F00F023A43CA62F1
:109E20002268B2420ED1006800F03800182873D0C2
:109E300047DCB8B3082879D010286FD178E02828FB
:109E40007ED17BE0BD498A4209D1006800F007005D
:109E5000062875D2DFE800F0546A6C6E7072B8495B
:109E60008A4209D1006800F00700062868D2DFE8BE
:109E700000F0475D5F616365B2498A4209D10068BD
:109E800000F0070006285BD2DFE800F03A50525499
:109E90005658AD498A420BD1006800F007000628E9
:109EA0004ED200E010E0DFE800F02B414345474987
:109EB000A6498A420AD1006800F03800182839D033
:109EC000B7DD2028BBD13CE001203AE0A0498A421E
:109ED00009D1006800F00700062831D2DFE800F061
:109EE0001026282A2C2E9B498A420BD1006800F0AC
:109EF0000700062824D2DFE800F003191B1D1F21EC
:109F000000201EE09A421BD18B48001D006800F023
:109F10000700062814D202E00CE007E010E0DFE8BA
:109F200000F0030507090B0D02200AE0042008E0F9
:109F3000082006E0102004E0202002E0402000E09D
:109F400080208549DFF814829A42854A4FF4004305
:109F50004FEA21174FF000064ED110281AD006DC28
:109F6000022809D004280BD008287CD10DE0202835
:109F70003ED0402877D13DE0FAF7B4FC014610E02E
:109F80006846FAF765FD01990BE003A8FAF702FEAF
:109F9000049906E01068800605D51068C0F3C1007A
:109FA000C140002970D0606A676838F8102007EB5C
:109FB0004703B1FBF2F0834255D8B0EB073F52D8CC
:109FC000002308461946F6F73FFA02467808130EB2
:109FD000120243EA012110183A4671410023F6F7B4
:109FE00033FA604AA0F5407191423CD821688FE075
:109FF0003946D8E71946D6E7D4F81CC04FF6EF79B2
:10A000009C4546D1082819D005DC58B101280CD050
:10A01000042875D10DE0102815D0202835D040280F
:10A020006ED134E0FBF710FE01E0FBF71FFE0146A6
:10A0300010E06846FAF70CFD01990BE003A8FAF767
:10A04000A9FD049906E01068800604D51068C0F3E5
:10A05000C100C140C1B1636A606838F81330B1FB18
:10A06000F3F1490000E04BE001EB5001B1FBF0F0EF
:10A07000A0F11001494543D84FF6F0732168C0F3B1
:10A0800042021840104343E043E03946E3E71946F3
:10A09000E1E7082819D005DC58B101280CD00428C4
:10A0A0002ED10DE0102815D020282BD0402827D104
:10A0B0002AE0FBF7C9FD01E0FBF7D8FD014610E0FF
:10A0C0006846FAF7C5FC01990BE003A8FAF762FDB0
:10A0D000049906E01068800604D51068C0F3C1003A
:10A0E000C140B1B1636A606838F81330B1FBF3F175
:10A0F00001EB5001B1FBF0F0A0F11001494505D989
:10A10000012506E03946EDE71946EBE7216880B204
:10A11000C8600120A4F86A00A4F8680028466667B1
:10A12000A66707B0BDE8F083F369FFCF000C0058C5
:10A13000FFF4FF1100100140544402580044004055
:10A1400000480040004C0040005000400014014016
:10A1500000780040007C00400090D0035CC0000804
:10A1600000440258FFFC0F0070B50446D0F8800090
:10A1700000232225A165A4F85C20C4F89030C4F81F
:10A180008C50F0B11F49C163D4F880101E48086498
:10A19000D4F880101D48C864D4F8800003651346C5
:10A1A000A56D2168D4F880002A462431F9F7B8FF5C
:10A1B00038B11021C4F890102020C4F88C00012080
:10A1C00070BD206940B1216851E8000F40F48070F3
:10A1D00041E80002002AF6D12068083050E8001F4C
:10A1E00041F0010140E80012002AF5D12068083052
:10A1F00050E8001F41F0400140E80012002AF5D16C
:10A20000002070BD4D9C0008CF9C0008FF9B0008FB
:10A210002DE9F047994617460D460446089E4FF033
:10A22000000833E0701C31D0FAF710FAA0EB0900F7
:10A23000B04218D8BEB120680168490726D5802DE4
:10A2400024D0402D22D0C169C94309070DD4082567
:10A2500005622046FFF770FDC4F89050012084F895
:10A260008480BDE8F0870320FBE7C069C043000598
:10A270000CD421684FF4006008622046FFF75CFDB3
:10A280002021C4F8901084F88480ECE72068C0692D
:10A2900035EA000004D00020B842C3D00020E0E737
:10A2A0000120F9E70148FDF71FB80000C0050024B0
:10A2B000FEE700000849002210B58864064881F8CE
:10A2C00044202021F6F7EBFA03482421BDE8104092
:10A2D0002030F6F7E4BA00000000003070B5114CF1
:10A2E00094F84420002A1BD1082900D908218A00AB
:10A2F00001460C48F6F799FA0A49202201F120009C
:10A300000546F6F792FA08480121242200682064E5
:10A3100084F844102946A06CBDE87040FDF7CEBB20
:10A3200070BD0000000000302CC000080248082169
:10A3300080EC080AFFF7D2BF0000003003498A6CA6
:10A34000824202D1002081F84400704700000030B2
:10A35000090700284FEA116104DB00F1E02080F8D2
:10A360000014704700F00F0000F1E02080F8141D89
:10A37000704710B52DED028BF0EE408A18EE900A72
:10A38000B0EE608A20F00040C0F1FF40C00F07D15E
:10A3900018EE100A20F00040C0F1FF40C00F2BD093
:10A3A00018EE101A18EE900A01F0BCFD00EE100A2B
:10A3B00010EE100A6FEAD05010F0FF0F04BFBDEC92
:10A3C000028B10BD18EE900A00F0004110EE100A4A
:10A3D00000F00040814204BFBDEC028B10BD18EEBE
:10A3E000101A10EE100ABDEC028B61F31E0000EE95
:10A3F000900A30EE600A10BD18EE900A4FF07F41CF
:10A40000B1EB400F1CBF18EE100A5FEA4000C7D145
:10A410000120F6F773FABDEC028BBDE8104000F0A6
:10A420001DB810B52DED028BB1EEC08A18EE100AE2
:10A4300020F00040C0F1FF40C00F0AD010EE100A1B
:10A4400020F00040C0F1FF40C00F04BF0120F6F72C
:10A4500055FAB0EE480ABDEC028B10BDDFED020AE2
:10A4600080EEA00A7047000000000000B4EEE00A91
:10A47000F1EE10FA02D2B0EE600A7047B4EEC10AF3
:10A48000F1EE10FAF9DDB0EE410A704730380A28D3
:10A4900001D20120704700207047000010B52DED5B
:10A4A000028B9FED088AF0EE480AFFF762FFB5EED7
:10A4B000C00AF1EE10FA01D230EE080ABDEC028BB0
:10A4C00010BD0000DB0FC94067482DED048B84B040
:10A4D000016841F470010160BFF34F8FBFF36F8FCC
:10A4E00000240094019402940394FAF75FF9012088
:10A4F0008DF80C001F218DF8081087228DF8092097
:10A500008DF80D008DF8000068468DF80A408DF832
:10A510000E408DF8014001948DF80B408DF80F40EE
:10A52000FAF716F90420FAF74FF9FAF79DF8FEF753
:10A5300059FAFDF711FDFDF7B9FCFDF7D1FDFDF767
:10A54000C3FEFDF727FFFDF7A9FBFDF747FCFDF76D
:10A5500097FEFDF791FDFDF73FFEFDF74FFFFEF77C
:10A560005FF84248FFF7A6FE4148FCF757F8002283
:10A570003F481146FEF776F83D4800220421FEF7D9
:10A5800071F83B4800220821FEF76CF83949052292
:10A590003948FEF7C5FD3848FEF74EFE374C01221C
:10A5A00004212046FAF746F835493648F6F7B8FD53
:10A5B0006420F9F703FF002220460421FAF73AF855
:10A5C0006420F9F7FBFE2A480C21FCF77FFC0520EC
:10A5D000F9F7F4FE2B484FF4FA61F6F74DFD2948E0
:10A5E000F6F751FE24480521B3EE080A5430F7F778
:10A5F000EDF8DFED258A9FED258A9FED259ADFEDA9
:10A60000259A1D48B3EE082A5430F0EE681AB0EED1
:10A61000481AF0EE490AB0EE690AFDF7E1FF164864
:10A62000B3EE082A7C30F0EE681AB0EE481AF0EE6D
:10A63000490AB0EE690A0446FDF7D2FF0E48B0EEB3
:10A64000480A5430FDF7E8FF9FED130A2046FDF756
:10A65000E3FF1248FCF722F800F030F8FDF76CFC3D
:10A6600000F03EF8FEE7000088ED00E02C05002435
:10A67000B0030024C0050024D4000024000C0258BC
:10A680005C0200240000023017B7513800000000BF
:10A69000000070429A99993FCDCC4C3D480400246B
:10A6A00010B5EFF3058111B16FF0050404E04FF030
:10A6B000000408B100F000FE204610BDEFF3058055
:10A6C00010B16FF0050070470449086810B14FF0F1
:10A6D000FF30704701220A6000207047800000248C
:10A6E00010B5EFF3058010B16FF0050010BD0848FC
:10A6F0000168012902D04FF0FF3010BD054A00214A
:10A7000082F8141D0221016000F03EFE002010BD01
:10A71000800000240BE000E02DE9FF414FEA010337
:10A720004FF00005EFF30581039561BB58B34FF07F
:10A7300080064FF018014FF000044AB3176807B1C4
:10A740003C4697691FB139467F1E382F02D21779D0
:10A75000FF0703D0002004B0BDE8F081576907B1BE
:10A76000BE08D2F808C0BCF1000F0DD0D5685C2D32
:10A7700018D312693AB137B18DE806103246214636
:10A7800001F0A5F903900DE0D7685FB912694AB9E5
:10A7900003AACDE90012B2B2214601F06BF90128FB
:10A7A00000D003950398D6E72DE9F041134C0F46EE
:10A7B0000546E6682068001D00F048FC681C07D1CB
:10A7C00037B12168BDE8F0410D48091D00F090BC8B
:10A7D00020683544B5424560216805D2A06B091D4B
:10A7E000BDE8F04100F06CBC606B091D00F068FC36
:10A7F000A06A854200D2A562BDE8F0813000002445
:10A80000700D00242DE9F041054600F07DFC2D4C33
:10A810002D4FA068401CA060206810B1606930B363
:10A820002BE02560A068012827D1002606EB8600D2
:10A8300007EB800000F036FC761C382EF6D3234858
:10A8400000F030FC2148143000F02CFC1F48283068
:10A8500000F028FC1D483C3000F024FC1B48503020
:10A8600000F020FC194860631430A06305E0E86A3A
:10A870002168C96A814200D82560606A401C606214
:10A880006864E86A2169884200D9206100EB800091
:10A89000291D07EB800000F02BFC00F055FC6069DF
:10A8A00000280CD02068E96AC06A884207D20849AB
:10A8B0004FF080500860BFF34F8FBFF36F8FBDE83C
:10A8C000F081000030000024C0080024200D002486
:10A8D00004ED00E038B500F017FC104C2068C8B952
:10A8E0000F4800F0DFFB0E48143000F0DBFB0C4992
:10A8F0000020E16014312161A1F582730090A1F183
:10A90000B40210210A2000F04DFE206010B105A114
:10A9100000F09CFCBDE8384000F016BC6C00002440
:10A92000740E0024546D72510000000030B4026CAB
:10A930000B46002A0BD0D0E902411144C160A1426C
:10A9400001D30168C160184630BCF5F729BF30BC9F
:10A9500070472DE9F041856B1746026C04460026CE
:10A9600082B1C7B1E068F5F71BFFE168206C22688F
:10A97000091AE160914202D2A168081AE060022F30
:10A9800016D017E02068A8B9A06801F043F9064680
:10A990000020A0600EE06068F5F702FFD4E9010135
:10A9A000226C10446060884204D32068606001E03B
:10A9B00005B16D1E6D1CA5633046BDE8F08110B574
:10A9C000044690F8590058B101280CD002280FD045
:10A9D000502080F31188BFF34F8FBFF36F8FFEE7D6
:10A9E000206B00F0C5FB2046BDE8104000F0C0BB66
:10A9F00010BD000011484FF4705110B5420706D049
:10AA00000E49C01D20F00700411AC1F570510C4CD1
:10AA1000002301440839A4F1180221F00701C4E918
:10AA200000030C1A11604B600B60C0E900149460C5
:10AA30004FF000415460516110BD000054150024D6
:10AA40009C000024144E4FF08058144CDFF85090B6
:10AA5000A6F29C4712E000BF00F056FBF068C56804
:10AA6000281D00F0F3FAA068401EA0606068401E38
:10AA7000606000F069FB2846FFF7A1FF60680028CE
:10AA8000EAD138680128F9D9C9F80080BFF34F8F9F
:10AA9000BFF36F8FF2E700005C0D0024300000244C
:10AAA00004ED00E070B51D46049C51B1C4F80020CF
:10AAB000C4E90F010121204600F0A8FD84F84C50A4
:10AAC00070BD2460F4E72DE9F05F88469A46910056
:10AAD0001546DDE90B940A9EA5228346206BF5F707
:10AAE000D6FE206B6FF0030101EB8501084420F0D6
:10AAF0000707780707D0502080F31188BFF34F8FE6
:10AB0000BFF36F8FFEE7B8F1000F4FF000050ED0D6
:10AB10000020221818F8001082F8341018F80010DD
:10AB200011B1401C1028F4D384F8435001E084F89C
:10AB30003450382E00D33726E662201DC4E9136551
:10AB400000F0BBFA04F1180000F0B7FA6565C6F131
:10AB50003800A06184F8585052462461594638465E
:10AB6000646200F05BFAB9F1000F206001D0C9F80F
:10AB70000040BDE8F09F000030B5114900E01146EB
:10AB80000A688242FBD34B685C18844203D1446854
:10AB9000084623444B6043681D18954209D1084C70
:10ABA000183C2468A24209D052681A4442600A68DC
:10ABB00012680260814200D0086030BD0460F9E78D
:10ABC0009C00002470B50D4D914241604FF000048F
:10ABD000006106D88169D21A8A4206D2011D28690D
:10ABE00007E09A4203D2994201D3012403E0011DF8
:10ABF000E86800F065FA204670BD00006C00002493
:10AC000010B5044600F080FAA06B28B15FF0000494
:10AC100000F09AFA204610BD0124F9E730B53C4D0A
:10AC200089B06BE00498002806DA059ADDE9060190
:10AC300090470498002861DB069C606910B1201DD4
:10AC400000F004FA03A800F0D5F8024604980A2898
:10AC500054D2DFE800F00505052D304705052D30FD
:10AC600094F8280040F0010084F82800A0690599B4
:10AC70000B4601442046FFF7A5FF50B3216A20464A
:10AC8000884794F82800400738D5002000900598A0
:10AC90000023A16942181946204601F0C3F8C0B943
:10ACA000502080F31188BFF34F8FBFF36F8FFEE703
:10ACB00094F828001EE094F8280040F0010084F881
:10ACC00028000598A06128B1811813462046FFF797
:10ACD00079FF13E0502080F31188BFF34F8FBFF34B
:10ACE0006F8FFEE794F82800810703D4204600F018
:10ACF0003FFA03E020F0010084F8280028680022D1
:10AD000004A900F0DDFD00288CD109B030BD0000A1
:10AD10006C0000242DE9FC410F46054600F078FB4D
:10AD200001A800F067F80446019818B100F0E8FFA8
:10AD3000BDE8FC81254EAFB130690068D0B3002773
:10AD40003068291B3A4600F095FA00F0D9FF002838
:10AD5000EED11F494FF080500860BFF34F8FBFF313
:10AD60006F8FE5E7A542EBD800F0CAFFF0682746F1
:10AD7000C068C468201D00F069F994F828004107F4
:10AD800019D5A0692B463A4641192046FFF71AFF0C
:10AD9000A8B100202A46034601460090204601F053
:10ADA00041F860B9502080F31188BFF34F8FBFF393
:10ADB0006F8FFEE707E020F0010084F82800216A89
:10ADC00020468847B4E70127BAE700006C0000245A
:10ADD00004ED00E00648416B096829B1416BC96880
:10ADE000C9684968816270474FF0FF31FAE7000097
:10ADF0003000002470B5054600F0A2FE064E044661
:10AE0000B068844203D200F009F8012000E000207D
:10AE100028602046B46070BD6C000024F8B5194D60
:10AE200020E0C068C4680668201D00F00FF9216AA0
:10AE30002046884794F82800400713D5A06930447D
:10AE4000B04206D92461211D6060E86800F038F93D
:10AE500008E000203246034601460090204600F0FC
:10AE6000E1FF38B1E86801680029DAD12969C5E94C
:10AE70000310F8BD502080F31188BFF34F8FBFF34C
:10AE80006F8FFEE76C00002408484068401C4FF0BC
:10AE9000500080F3118804D0BFF34F8FBFF36F8F42
:10AEA000FEE7BFF34F8FBFF36F8FFEE7A4000024D0
:10AEB000074CE068016841B1C0680021D0F800008B
:10AEC000FFF728FFFFF7AAFEF3E701210020F7E7CD
:10AED0006C0000242DE9F041044600F015F994F9C6
:10AEE000455004F1240609E0606A48B1304600F09C
:10AEF000CFFE08B100F00EFA6D1E6DB2002DF3DC2E
:10AF00004FF0FF3684F8456000F01EF900F0FCF8C1
:10AF100094F9445004F1100709E0206948B138461B
:10AF200000F0B6FE08B100F0F5F96D1E6DB2002D0F
:10AF3000F3DC84F84460BDE8F04100F005B900009E
:10AF40002DE9F0410027044600F062FA324E3068E5
:10AF500008B9FFF74FFD706904424ED1C4B30834FD
:10AF600060070ED004F00700C0F108000444600739
:10AF700007D0502080F31188BFF34F8FBFF36F8F3E
:10AF8000FEE72CB37068844237D823481830014656
:10AF90000D6801E028460D466968A14202D2296881
:10AFA0000029F7D131688D4227D0076829680160F0
:10AFB00008376868011B10290FD92819420708D0E3
:10AFC000502080F31188BFF34F8FBFF36F8FFEE7E0
:10AFD00013E041606C60FFF7CFFD69687068401A4C
:10AFE0007060B268904200D2B06000207269114374
:10AFF000C5E90001F068401CF06000F081FE7807B0
:10B0000007D0502080F31188BFF34F8FBFF36F8FAD
:10B01000FEE73846BDE8F0818400002470B5041FC7
:10B02000094E231F4FF0807521F0010125601C1F80
:10B030001960A0F120010B1F266044380A606FF0F0
:10B0400002051D6070BD000089AE0008D0E9013224
:10B0500001699A60D0E901235A604A68824201D1AD
:10B0600082684A60002202610868401E0860086821
:10B070007047000010B5044C8023046004F15C00AC
:10B080000860136010BD00009C0E002410B5044C35
:10B090004FF48073046004F15C000860136010BD1D
:10B0A000F81000244FF0FF3300F108010022C0E93E
:10B0B00001130260C16001617047002101617047A6
:10B0C00030B50B685A1C02D000F1080202E0026998
:10B0D00004E02246546825689D42FAD953684B60C3
:10B0E00099608A60516008610168491C016030BD47
:10B0F00042684A6093688B60936859609160086108
:10B100000168491C01607047502080F31188BFF32B
:10B110004F8FBFF36F8F0A494868401C4860012871
:10B120000CD10848006810F0FF0F07D0502080F3C2
:10B130001188BFF34F8FBFF36F8FFEE7704700009A
:10B14000A400002404ED00E00849486828B1401E2E
:10B15000486001D180F311887047502080F3118836
:10B16000BFF34F8FBFF36F8FFEE70000A4000024F2
:10B1700070B500282AD0164DA0F1080461686869EE
:10B18000014207D1502080F31188BFF34F8FBFF3E6
:10B190006F8FFEE722683AB1502080F31188BFF329
:10B1A0004F8FBFF36F8FFEE78143616000F030F98E
:10B1B00060686968084468602046FFF7DDFC28691C
:10B1C000401C2861BDE8704000F09ABD70BD0000D1
:10B1D000840000244FF0E020002101614FF47A72D6
:10B1E0008161072303490968B1FBF2F1491E4161FE
:10B1F000036170472800002410B5F5F7FDF81149E8
:10B2000010280ED300F1E0200A7890F8F003904265
:10B2100007D2502080F31188BFF34F8FBFF36F8F99
:10B22000FEE709488968006800F4E060884207D9B1
:10B23000502080F31188BFF34F8FBFF36F8FFEE76D
:10B2400010BD0000A40000240CED00E0084B5FF0EE
:10B25000000210B553F832401CB1521C082AF9D331
:10B2600010BD03EBC20443F83210606010BD000053
:10B270008008002470B515460E460446FFF744FFCB
:10B2800094F944100020491C01D184F8440094F939
:10B290004510491C01D184F84500FFF755FFA06B0C
:10B2A00028B904F124002A46314600F051F820461E
:10B2B000BDE87040FFF70EBE020010B514D00F4875
:10B2C000006B38B1502080F31188BFF34F8FBFF36C
:10B2D0006F8FFEE700F09CF800211046FFF764FA3C
:10B2E00000F00EFD002807D105494FF0805008609E
:10B2F000BFF34F8FBFF36F8F10BD000030000024ED
:10B3000004ED00E002490A6A0260C96841607047C2
:10B310003000002401490120C8617047300000243A
:10B3200010B50C4650B1094909681831FFF7C8FE3D
:10B330002046BDE810400121FFF736BA502080F3C7
:10B340001188BFF34F8FBFF36F8FFEE730000024EB
:10B3500070B514460D4668B10A4909681831FFF7FF
:10B36000C7FE0CB14FF0FF3521462846BDE87040BE
:10B37000FFF71ABA502080F31188BFF34F8FBFF345
:10B380006F8FFEE73000002430B587B0002405AA97
:10B3900004A9039403A80494FFF76CFEDDE90301FC
:10B3A00000940023CDE90110174815A1059A00F07B
:10B3B0008EFB164D0028E8621FD000F003FD012827
:10B3C00009D0401C19D1502080F31188BFF34F8F52
:10B3D000BFF36F8FFEE7502080F31188BFF34F8FCC
:10B3E000BFF36F8F01214FF0FF30A8626961EC60FD
:10B3F00007B0BDE8304000F045B807B030BD0000F0
:10B4000049444C450000000045AA000830000024D3
:10B410000248016B491C01637047000030000024A2
:10B42000164810B5016B11B10121C16110BD002199
:10B43000C161134A016901E0B9B1491E01EB810301
:10B4400052F82330002BF7D001EB810302EB83028B
:10B4500002F1080453685B685360A34201D15B6842
:10B460005360DA680260016110BD502080F31188DA
:10B47000BFF34F8FBFF36F8FFEE700003000002453
:10B48000C008002437481CB5374902688A4207D1F2
:10B49000502080F31188BFF34F8FBFF36F8FFEE70B
:10B4A00031490068491E884207D1502080F3118835
:10B4B000BFF34F8FBFF36F8FFEE72C49FF200A7851
:10B4C0000192087008788DF800009DF800209DF822
:10B4D000000002F0F002824207D0502080F3118871
:10B4E000BFF34F8FBFF36F8FFEE79DF8002007205B
:10B4F0001F4C02F050022270A06005E09DF8002071
:10B5000052008DF80020401E9DF800201206F5D450
:10B510000328A06007D0502080F31188BFF34F8F1D
:10B52000BFF36F8FFEE74FF44070A0600198087082
:10B530000C482030016841F470010160016841F05D
:10B5400070410160FFF746FE00206060F4F71CFFC9
:10B550000848016841F040410160F4F701FF002014
:10B560001CBD000000ED00E071C20F4100E400E0EE
:10B57000A400002434EF00E0502010B580F31188BF
:10B58000BFF34F8FBFF36F8F00F0E0FA18B104499B
:10B590004FF080500860002080F3118810BD00003B
:10B5A00004ED00E0F8B5069D18B153B1CAB181B100
:10B5B00020E0502080F31188BFF34F8FBFF36F8FCF
:10B5C000FEE7502080F31188BFF34F8FBFF36F8FDA
:10B5D000FEE7502080F31188BFF34F8FBFF36F8FCA
:10B5E000FEE739B1502080F31188BFF34F8FBFF3CE
:10B5F0006F8FFEE750241C46012683F846600093B7
:10B600002B46FFF74FFA2046F8BD00002DE9F04722
:10B6100004008A4629D0FFF777FD21680025D4E988
:10B620000F23D4F840C004F1100810460E46401E07
:10B630004FF0FF3902FB031200FB0C10BAF1000FB0
:10B64000A563666084F8449084F84590C4E90220BC
:10B6500013D04046FFF726FD04F12400FFF722FD3A
:10B66000FFF772FD0120BDE8F087502080F31188BC
:10B67000BFF34F8FBFF36F8FFEE720690028EFD035
:10B68000404600F005FB0028EAD004494FF0805006
:10B690000860BFF34F8FBFF36F8FE1E704ED00E069
:10B6A0002DE9FF4704001D4682B08A464FF000088E
:10B6B00003D0BAF1000F08D011E0502080F31188B8
:10B6C000BFF34F8FBFF36F8FFEE7206C38B1502070
:10B6D00080F31188BFF34F8FBFF36F8FFEE7022D0A
:10B6E0000AD1E06B012807D0502080F31188BFF306
:10B6F0004F8FBFF36F8FFEE700F014FA3F4F4FF00C
:10B7000080564FF0000948B9049838B1502080F3B2
:10B710001188BFF34F8FBFF36F8FFEE7FFF7F4FC85
:10B72000A06BE16B884207D3022D05D00498D0B1FD
:10B73000B8F1000F1AD01EE02A4651462046FFF706
:10B7400008F9616A19B104F1240000F0A1FA20B1EE
:10B750003E60BFF34F8FBFF36F8FFFF7F5FC012003
:10B7600006B0BDE8F087FFF7EFFC22E06846FFF780
:10B77000C9FD4FF00108FFF7E7FCFFF749FEFFF7AF
:10B78000C3FC94F94400401C01D184F8449094F91E
:10B790004500401C01D184F84590FFF7D5FC04A971
:10B7A000684600F02BF930B12046FFF793FB00F01C
:10B7B000A7FA0020D4E7FFF7A7FCA06BE16B884253
:10B7C00013D1FFF7C1FC049904F11000FFF7A8FDA5
:10B7D0002046FFF77FFB00F093FA00289ED13E60E1
:10B7E000BFF34F8FBFF36F8F98E7FFF7ADFC204695
:10B7F000FFF770FB00F084FA90E7000004ED00E032
:10B800002DE9F04704001F469046894603D0B9F160
:10B81000000F08D011E0502080F31188BFF34F8F44
:10B82000BFF36F8FFEE7206C38B1502080F3118892
:10B83000BFF34F8FBFF36F8FFEE7022F0AD1E06B8C
:10B84000012807D0502080F31188BFF34F8FBFF33A
:10B850006F8FFEE7FFF7D0FC5020EFF3118680F3E7
:10B860001188BFF34F8FBFF36F8FA06BE16B8842DE
:10B8700006D3022F04D0002086F31188BDE8F0879C
:10B8800094F94550A06B3A4649462046FFF761F8C7
:10B89000681C04D06D1C84F845500120ECE7606AF8
:10B8A0000028FAD004F1240000F0F2F90028F4D0C6
:10B8B000B8F1000FF1D00121C8F80010EDE7000049
:10B8C0002DE9F74704008A4683B04FF0000603D005
:10B8D000BAF1000F08D011E0502080F31188BFF3B7
:10B8E0004F8FBFF36F8FFEE7206C38B1502080F38D
:10B8F0001188BFF34F8FBFF36F8FFEE700F012F98F
:10B90000DFF8F4804FF080574FF0000948B90598F0
:10B9100038B1502080F31188BFF34F8FBFF36F8F82
:10B92000FEE7FFF7F1FBA56BC5B151462046FEF7D8
:10B93000FDFF6D1EA563206950B104F1100000F0F9
:10B94000A7F928B1C8F80070BFF34F8FBFF36F8F0E
:10B95000FFF7FAFB012006B0BDE8F087059808B1B3
:10B960001EB106E0FFF7F0FB27E06846FFF7CAFCD0
:10B970000126FFF7E9FBFFF74BFDFFF7C5FB94F945
:10B980004400401C01D184F8449094F94500401CC7
:10B9900001D184F84590FFF7D7FB05A9684600F070
:10B9A0002DF8002820460AD0FFF794FA00F0A8F9F5
:10B9B0002046FFF725F90028B3D00020CBE7FFF79A
:10B9C0001FF990B1059904F12400FFF7A9FC204666
:10B9D000FFF780FA00F094F90028A2D1C8F80070AF
:10B9E000BFF34F8FBFF36F8F9BE72046FFF772FACD
:10B9F00000F086F995E7000004ED00E02DE9F04144
:10BA000005000C4612D0CCB1FFF77EFB184E206823
:10BA1000F268471C6B68A2EB030117D02F68366AE7
:10BA2000B74215D0934213D801251CE0502080F373
:10BA30001188BFF34F8FBFF36F8FFEE7502080F365
:10BA40001188BFF34F8FBFF36F8FFEE700250AE029
:10BA5000884205D9401A20602846FFF753FCF5E7D5
:10BA6000002020600125FFF76FFB2846BDE8F0812C
:10BA7000300000242DE9FF5F994616468A4683462A
:10BA80009000DDE90E87FFF75BFA05001CD05C2013
:10BA9000FFF756FA040014D00020256384F85900FB
:10BAA0004B46CDE90087CDE9024032465146584623
:10BAB000FFF709F82046FEF7A5FE012004B0BDE817
:10BAC000F09F2846FFF754FB4FF0FF30F6E7F0B544
:10BAD00085B0DDE90B740A9DA7B1DCB15C26276354
:10BAE000022684F85960002703970DF1100C009589
:10BAF000CDE901C4FEF7E7FF2046FEF783FE049878
:10BB000005B0F0BD502080F31188BFF34F8FBFF315
:10BB10006F8FFEE7502080F31188BFF34F8FBFF384
:10BB20006F8FFEE70548416919B1006B18B100201D
:10BB30007047012070470220704700003000002449
:10BB40000148C06870470000300000242DE9F04132
:10BB50002E4C206B002728B1A069401CA0613846FC
:10BB6000BDE8F081E668761CE66013D1606B006882
:10BB700038B1502080F31188BFF34F8FBFF36F8F20
:10BB8000FEE7606BA16B6163A063206A401C2062CA
:10BB9000FFF720F9DFF87880A06A864209D3606B4E
:10BBA0000068A0B1606BC068C5686868864211D241
:10BBB000A0622068C06A00EB800158F821000128CB
:10BBC00000D90127E0690028C9D00127C7E74FF055
:10BBD000FF30EDE7281DFFF739FAA86A18B105F123
:10BBE0001800FFF733FAE86A2169884200D920611A
:10BBF00000EB800108EB8100291DFFF779FA20682E
:10BC0000E96AC06A8142CAD30127C8E7300000242C
:10BC1000C008002470B504464FF0000190B31A4DDF
:10BC20002868844207D0502080F31188BFF34F8FDB
:10BC3000BFF36F8FFEE7206D38B1E36C401EE26A00
:10BC400020659A421ED040B11CE0502080F311883C
:10BC5000BFF34F8FBFF36F8FFEE7201DFFF7F6F99D
:10BC6000E06CC0F13801A161E0622969884200D925
:10BC7000286100EB8000054901EB8000211DFFF7E2
:10BC800037FA0121084670BD30000024C0080024A6
:10BC900070B5C068C46854B104F118000646FFF7D7
:10BCA000D5F9144D286B50B11348314615E050209A
:10BCB00080F31188BFF34F8FBFF36F8FFEE7201D16
:10BCC000FFF7C4F9E06A2969884200D9286100EBCE
:10BCD00080000A4901EB8000211DFFF709FAE06AA4
:10BCE0002968C96A884203D90121E961084670BD03
:10BCF000002070BD30000024480D0024C00800243E
:10BD00002DE9F0472C4D286B0024274638B1FFF76A
:10BD1000FBF9286B401E2863286B40B147E0502098
:10BD200080F31188BFF34F8FBFF36F8FFEE7234E71
:10BD30000120A968D9B3A6F5916980463068E0B1C1
:10BD4000F068C46804F11800FFF780F9201DFFF7C0
:10BD50007DF9E06A2969884200D9286100EB8001F9
:10BD600009EB8100211DFFF7C3F9E06A2968C96A60
:10BD70008842E3D3C5F81C80E0E70CB1FFF72AF84E
:10BD8000AC694CB14FEA0806FFF7E0FE00B1EE6186
:10BD9000641EF9D10020A861E86940B10849012773
:10BDA0004FF080500860BFF34F8FBFF36F8FFFF7E6
:10BDB000CBF93846BDE8F08730000024480D002458
:10BDC00004ED00E010B586B0FEF784FD114C20684C
:10BDD000B8B10020039005AA049004A903A8FFF7B6
:10BDE00055F9DDE90321022000238DE807000C4806
:10BDF00009A1059AFFF76BFE606010B106B0012043
:10BE000010BD502080F31188BFF34F8FBFF36F8FA9
:10BE1000FEE700006C000024546D7220537663002E
:10BE2000B1AE00082DE9FF411E46134602004FF057
:10BE300000000A9D16D0144C2768002F0FD0062949
:10BE40000292CDE9001317DAFFF76CFE02284FF0DB
:10BE500000030FD0002220686946FFF721FC04B0E0
:10BE6000BDE8F081502080F31188BFF34F8FBFF3FE
:10BE70006F8FFEE72A46EEE70023324669463846D2
:10BE8000FFF7BEFCEBE700006C0000240EF1020E91
:10BE90002EF0030E5EF8044B244204D44FEA410214
:10BEA000B2F17F4F11D84FEA4003B3F17F4F0CD866
:10BEB0000ED14FEAD07CB2F17F4F0CEB4C0C0CF161
:10BEC000020C08BF4CEBD17C04E04FF0080C01E001
:10BED0004FEAD17C0CEB4C0324FA03F404F0070482
:10BEE000B4F1040C06D20EEB840CBDE810404CF00B
:10BEF000010C6047DFE80CF0070802024FF0004039
:10BF0000A0F5800010BD0846420018BFD2F1807233
:10BF100088BF00F0004010BD4FF04070E1EE100A05
:10BF2000704700004FF07F4C3CEA410318BF3CEAE9
:10BF3000400200F062804FF47F0C10F0004F0CEADA
:10BF4000D11318BF43F005031CEAD01218BF13EA3F
:10BF50000C0F00F057804FF0004C4CEA00204CEAE8
:10BF60000121A3F580339A4210DDB0F1004F23F098
:10BF7000020306D3401A43F00203BCBF404283F0E1
:10BF800001034FEA4000A2F58032ECE74FEA224C71
:10BF9000BCEB234F08DB884206D31CD0A0EB41004A
:10BFA000C0F1000083F0010340001DD217D40DD072
:10BFB000B0FA80FC0CF1010C00FA0CF0A2EB0C4280
:10BFC000D2F1000C12DB4FEAC37070474FEA4370A6
:10BFD00000F00040704713F0020FE5D0DEE7B2F545
:10BFE00080324FEA4000EBDD002AE9DD4FEAC21261
:10BFF00042EA502040EAC370704710B5FFF746FF91
:10C00000EDFFFF3E1CEAD11F02D000F00040704758
:10C01000004870470000C07FFD258A3DFE250A3E8E
:10C02000FD258A3D2F4D923FBB5AD3BE0000807F35
:10C03000D0C0000800000000000000000000000068
:10C0400000000000000200001800000000000000D6
:10C050000000000000061016000610160100020085
:10C060000400060008000A000C0010002000400038
:10C07000800000010101010307010000080402041F
:10C080000801010100000000010203040102030491
:10C0900006070809303132333435363738394142F2
:10C0A000434445464030580030313233343536371A
:10C0B00038396162636465664030780004000008C6
:10C0C000000000000000000200010000100000005D
:10C0D00064656661756C745461736B000D0A21218F
:10C0E0002120486172644661756C74202121210D04
:10C0F0000A50433D30782530386C58204C523D3042
:10C10000782530386C580D0A434653523D30782517
:10C1100030386C5820484653523D30782530386CC2
:10C120005820424641523D30782530386C580D0A2F
:10C130000000000000000000920E493CB10AC93C1A
:10C140002BC3163D2EFB483D752B7B3D04A9963D28
:10C1500080B6AF3D36BDC83D2FBCE13D73B2FA3D60
:10C1600087CF093E8340163EB5AB223EA2102F3E3C
:10C17000CF6E3B3EC2C5473E0115543E135C603E48
:10C180007F9A6C3ECCCF783EC07D823E938E883EB7
:10C19000229A8E3E32A0943E86A09A3EE59AA03E18
:10C1A000128FA63ED47CAC3EEF63B23E2A44B83E2A
:10C1B000491DBE3E15EFC33E53B9C93ECA7BCF3EB3
:10C1C0004136D53E80E8DA3E4F92E03E7533E63E9A
:10C1D000BBCBEB3EEA5AF13ECBE0F63E275DFC3EA0
:10C1E000E4E7003F3D9C033F824B063F9BF5083F41
:10C1F0006B9A0B3FDA390E3FCDD3103F2A68133FBD
:10C20000D9F6153FC07F183FC6021B3FD17F1D3FA7
:10C21000CBF61F3F9967223F25D2243F5636273F52
:10C220001594293F4AEB2B3FDE3B2E3FBB85303F29
:10C23000C9C8323FF304353F233A373F4268393F9C
:10C240003B8F3B3FF9AE3D3F67C73F3F70D8413F13
:10C2500001E2433F03E4453F65DE473F12D1493FDA
:10C26000F8BB4B3F029F4D3F207A4F3F3D4D513F22
:10C270004918533F31DB543FE595563F5348583FEB
:10C280006AF2593F1A945B3F532D5D3F05BE5E3FF6
:10C290002146603F97C5613F5A3C633F59AA643FBE
:10C2A000880F663FD86B673F3CBF683FA7096A3F6E
:10C2B0000C4B6B3F5E836C3F93B26D3F9ED86E3FDD
:10C2C00073F56F3F0809713F5213723F4714733F74
:10C2D000DD0B743F0BFA743FC6DE753F07BA763F3D
:10C2E000C58B773FF853783F9812793F9DC7793FC8
:10C2F00002737A3FBE147B3FCDAC7B3F283B7C3F33
:10C30000C9BF7C3FAC3A7D3FCCAB7D3F23137E3F22
:10C31000B0707E3F6DC47E3F580E7F3F6D4E7F3FB5
:10C32000AB847F3F0FB17F3F97D37F3F43EC7F3F8D
:10C3300011FB7F3F0000803F11FB7F3F43EC7F3FBD
:10C3400097D37F3F0FB17F3FAB847F3F6D4E7F3FE1
:10C35000580E7F3F6DC47E3FB0707E3F23137E3FFB
:10C36000CCAB7D3FAC3A7D3FC9BF7C3F283B7C3F97
:10C37000CDAC7B3FBE147B3F02737A3F9DC7793FB4
:10C380009812793FF853783FC58B773F07BA763FCD
:10C39000C6DE753F0BFA743FDD0B743F4714733FE5
:10C3A0005213723F0809713F73F56F3F9ED86E3F7D
:10C3B00093B26D3F5E836C3F0C4B6B3FA7096A3FA6
:10C3C0003CBF683FD86B673F880F663F59AA643F00
:10C3D0005A3C633F97C5613F2146603F05BE5E3FC3
:10C3E000532D5D3F1A945B3F6AF2593F5348583FC3
:10C3F000E595563F31DB543F4918533F3D4D513F82
:10C40000207A4F3F029F4D3FF8BB4B3F12D1493F2F
:10C4100065DE473F03E4453F01E2433F70D8413FBB
:10C4200067C73F3FF9AE3D3F3B8F3B3F4268393FD7
:10C43000233A373FF304353FC9C8323FBB85303F0D
:10C44000DE3B2E3F4AEB2B3F1594293F5636273FC4
:10C4500025D2243F9967223FCBF61F3FD17F1D3F56
:10C46000C6021B3FC07F183FD9F6153F2A68133F0D
:10C47000CDD3103FDA390E3F6B9A0B3F9BF5083F47
:10C48000824B063F3D9C033FE4E7003F275DFC3EB7
:10C49000CBE0F63EEA5AF13EBBCBEB3E7533E63ECF
:10C4A0004F92E03E80E8DA3E4136D53ECA7BCF3E31
:10C4B00053B9C93E15EFC33E491DBE3E2A44B83E9E
:10C4C000EF63B23ED47CAC3E128FA63EE59AA03E0E
:10C4D00086A09A3E32A0943E229A8E3E938E883E4B
:10C4E000C07D823ECCCF783E7F9A6C3E135C603E2E
:10C4F0000115543EC2C5473ECF6E3B3EA2102F3EB3
:10C50000B5AB223E8340163E87CF093E73B2FA3D5B
:10C510002FBCE13D36BDC83D80B6AF3D04A9963D78
:10C52000752B7B3D2EFB483D2BC3163DB10AC93C04
:10C53000920E493C00000000920E49BCB10AC9BCF1
:10C540002BC316BD2EFB48BD752B7BBD04A996BD24
:10C5500080B6AFBD36BDC8BD2FBCE1BD73B2FABD5C
:10C5600087CF09BE834016BEB5AB22BEA2102FBE38
:10C57000CF6E3BBEC2C547BE011554BE135C60BE44
:10C580007F9A6CBECCCF78BEC07D82BE938E88BEB3
:10C59000229A8EBE32A094BE86A09ABEE59AA0BE14
:10C5A000128FA6BED47CACBEEF63B2BE2A44B8BE26
:10C5B000491DBEBE15EFC3BE53B9C9BECA7BCFBEAF
:10C5C0004136D5BE80E8DABE4F92E0BE7533E6BE96
:10C5D000BBCBEBBEEA5AF1BECBE0F6BE275DFCBE9C
:10C5E000E4E700BF3D9C03BF824B06BF9BF508BF3D
:10C5F0006B9A0BBFDA390EBFCDD310BF2A6813BFB9
:10C60000D9F615BFC07F18BFC6021BBFD17F1DBFA3
:10C61000CBF61FBF996722BF25D224BF563627BF4E
:10C62000159429BF4AEB2BBFDE3B2EBFBB8530BF25
:10C63000C9C832BFF30435BF233A37BF426839BF98
:10C640003B8F3BBFF9AE3DBF67C73FBF70D841BF0F
:10C6500001E243BF03E445BF65DE47BF12D149BFD6
:10C66000F8BB4BBF029F4DBF207A4FBF3D4D51BF1E
:10C67000491853BF31DB54BFE59556BF534858BFE7
:10C680006AF259BF1A945BBF532D5DBF05BE5EBFF2
:10C69000214660BF97C561BF5A3C63BF59AA64BFBA
:10C6A000880F66BFD86B67BF3CBF68BFA7096ABF6A
:10C6B0000C4B6BBF5E836CBF93B26DBF9ED86EBFD9
:10C6C00073F56FBF080971BF521372BF471473BF70
:10C6D000DD0B74BF0BFA74BFC6DE75BF07BA76BF39
:10C6E000C58B77BFF85378BF981279BF9DC779BFC4
:10C6F00002737ABFBE147BBFCDAC7BBF283B7CBF2F
:10C70000C9BF7CBFAC3A7DBFCCAB7DBF23137EBF1E
:10C71000B0707EBF6DC47EBF580E7FBF6D4E7FBFB1
:10C72000AB847FBF0FB17FBF97D37FBF43EC7FBF89
:10C7300011FB7FBF000080BF11FB7FBF43EC7FBFB9
:10C7400097D37FBF0FB17FBFAB847FBF6D4E7FBFDD
:10C75000580E7FBF6DC47EBFB0707EBF23137EBFF7
:10C76000CCAB7DBFAC3A7DBFC9BF7CBF283B7CBF93
:10C77000CDAC7BBFBE147BBF02737ABF9DC779BFB0
:10C78000981279BFF85378BFC58B77BF07BA76BFC9
:10C79000C6DE75BF0BFA74BFDD0B74BF471473BFE1
:10C7A000521372BF080971BF73F56FBF9ED86EBF79
:10C7B00093B26DBF5E836CBF0C4B6BBFA7096ABFA2
:10C7C0003CBF68BFD86B67BF880F66BF59AA64BFFC
:10C7D0005A3C63BF97C561BF214660BF05BE5EBFBF
:10C7E000532D5DBF1A945BBF6AF259BF534858BFBF
:10C7F000E59556BF31DB54BF491853BF3D4D51BF7E
:10C80000207A4FBF029F4DBFF8BB4BBF12D149BF2B
:10C8100065DE47BF03E445BF01E243BF70D841BFB7
:10C8200067C73FBFF9AE3DBF3B8F3BBF426839BFD3
:10C83000233A37BFF30435BFC9C832BFBB8530BF09
:10C84000DE3B2EBF4AEB2BBF159429BF563627BFC0
:10C8500025D224BF996722BFCBF61FBFD17F1DBF52
:10C86000C6021BBFC07F18BFD9F615BF2A6813BF09
:10C87000CDD310BFDA390EBF6B9A0BBF9BF508BF43
:10C88000824B06BF3D9C03BFE4E700BF275DFCBEB3
:10C89000CBE0F6BEEA5AF1BEBBCBEBBE7533E6BECB
:10C8A0004F92E0BE80E8DABE4136D5BECA7BCFBE2D
:10C8B00053B9C9BE15EFC3BE491DBEBE2A44B8BE9A
:10C8C000EF63B2BED47CACBE128FA6BEE59AA0BE0A
:10C8D00086A09ABE32A094BE229A8EBE938E88BE47
:10C8E000C07D82BECCCF78BE7F9A6CBE135C60BE2A
:10C8F000011554BEC2C547BECF6E3BBEA2102FBEAF
:10C90000B5AB22BE834016BE87CF09BE73B2FABD57
:10C910002FBCE1BD36BDC8BD80B6AFBD04A996BD74
:10C92000752B7BBD2EFB48BD2BC316BDB10AC9BC00
:10C93000920E49BC0000008058C900080000002485
:10C94000B0000000D402000808CA0008B0000024AB
:10C9500008570000F002000800000000010000007D
:10C96000000000000000C84200002041000000005C
:10C9700000000000010000001000000000000000A6
:10C980000090D0030090D0030000000000000000E1
:10C990000000000000000000000000000000000097
:10C9A0000000000000000000000000000000000087
:10C9B0000000000000000000000000000000000077
:10C9C0000000000000000000000000000000000067
:10C9D0000000000000000000000000000000000057
:10C9E0000000000000000000000000000000000047
:10C9F0000000000000000000000000000000000037
:08CA0000AAAAAAAA0000000086
:020000043000CA
:1000000000000000000000000000000000000000F0
:1000100000000000000000000000000000000000E0
:1000200000000000000000000000000000000000D0
:1000300000000000000000000000000000000000C0
:0C004000000000000000000000000000B4
:020000043002C8
:1000000000000000000000000000000000000000F0
:1000100000000000000000000000000000000000E0
:1000200000000000000000000000000000000000D0
:1000300000000000000000000000000000000000C0
:1000400000000000000000000000000000000000B0
:1000500000000000000000000000000000000000A0
:100060000000000000000000000000000000000090
:100070000000000000000000000000000000000080
:04008000000000007C
:020000043002C8
:0402000000000000FA
:020000043002C8
:0C022000000000000000000000000000D2
:040000050800029954
:00000001FF
